first_name,last_name,year,place,county,collection,transcript_url
Alexander,Adam,1588,Glasgow,Lanarkshire,Burgesses & Guild Brethren Of Glasgow 1573-1750,https://www.findmypast.co.uk/transcript?id=SCOT%2FBURGESS%2F0012378
James,Adam,1595-96,Glasgow,Lanarkshire,Burgesses & Guild Brethren Of Glasgow 1573-1750,https://www.findmypast.co.uk/transcript?id=SCOT%2FBURGESS%2F0012379
Patrick,Adam,1596,Glasgow,Lanarkshire,Burgesses & Guild Brethren Of Glasgow 1573-1750,https://www.findmypast.co.uk/transcript?id=SCOT%2FBURGESS%2F0012380
Robert,Aikin,1575,Glasgow,Lanarkshire,Burgesses & Guild Brethren Of Glasgow 1573-1750,https://www.findmypast.co.uk/transcript?id=SCOT%2FBURGESS%2F0012511
Matthew,Aikman,1577,Glasgow,Lanarkshire,Burgesses & Guild Brethren Of Glasgow 1573-1750,https://www.findmypast.co.uk/transcript?id=SCOT%2FBURGESS%2F0012579
Andrew,Aikyne,1596,Glasgow,Lanarkshire,Burgesses & Guild Brethren Of Glasgow 1573-1750,https://www.findmypast.co.uk/transcript?id=SCOT%2FBURGESS%2F0012580
John,Aisdaill,1599,Glasgow,Lanarkshire,Burgesses & Guild Brethren Of Glasgow 1573-1750,https://www.findmypast.co.uk/transcript?id=SCOT%2FBURGESS%2F0012613
Robert,Aitkin,1588,Glasgow,Lanarkshire,Burgesses & Guild Brethren Of Glasgow 1573-1750,https://www.findmypast.co.uk/transcript?id=SCOT%2FBURGESS%2F0012721
William,Aittoune,1596-97,Glasgow,Lanarkshire,Burgesses & Guild Brethren Of Glasgow 1573-1750,https://www.findmypast.co.uk/transcript?id=SCOT%2FBURGESS%2F0012730
John,Alderstone,1596,Glasgow,Lanarkshire,Burgesses & Guild Brethren Of Glasgow 1573-1750,https://www.findmypast.co.uk/transcript?id=SCOT%2FBURGESS%2F0012742
Peter,Alderstoun,1578,Glasgow,Lanarkshire,Burgesses & Guild Brethren Of Glasgow 1573-1750,https://www.findmypast.co.uk/transcript?id=SCOT%2FBURGESS%2F0012743
Patrick,Alexander,1582-83,Glasgow,Lanarkshire,Burgesses & Guild Brethren Of Glasgow 1573-1750,https://www.findmypast.co.uk/transcript?id=SCOT%2FBURGESS%2F0012820
Peter,Alexander,1581,Glasgow,Lanarkshire,Burgesses & Guild Brethren Of Glasgow 1573-1750,https://www.findmypast.co.uk/transcript?id=SCOT%2FBURGESS%2F0012819
Robert,Algeo,1576-77,Glasgow,Lanarkshire,Burgesses & Guild Brethren Of Glasgow 1573-1750,https://www.findmypast.co.uk/transcript?id=SCOT%2FBURGESS%2F0012888
James,Algie,1598-99,Glasgow,Lanarkshire,Burgesses & Guild Brethren Of Glasgow 1573-1750,https://www.findmypast.co.uk/transcript?id=SCOT%2FBURGESS%2F0012902
Gavin,Allan,1598-99,Glasgow,Lanarkshire,Burgesses & Guild Brethren Of Glasgow 1573-1750,https://www.findmypast.co.uk/transcript?id=SCOT%2FBURGESS%2F0013030
John,Allan,1585,Glasgow,Lanarkshire,Burgesses & Guild Brethren Of Glasgow 1573-1750,https://www.findmypast.co.uk/transcript?id=SCOT%2FBURGESS%2F0013028
John,Allan,1594-95,Glasgow,Lanarkshire,Burgesses & Guild Brethren Of Glasgow 1573-1750,https://www.findmypast.co.uk/transcript?id=SCOT%2FBURGESS%2F0013029
Robert,Allan,1582-83,Glasgow,Lanarkshire,Burgesses & Guild Brethren Of Glasgow 1573-1750,https://www.findmypast.co.uk/transcript?id=SCOT%2FBURGESS%2F0013027
Arthur,Allansome,1579-80,Glasgow,Lanarkshire,Burgesses & Guild Brethren Of Glasgow 1573-1750,https://www.findmypast.co.uk/transcript?id=SCOT%2FBURGESS%2F0013113
John,Allansoun,1576,Glasgow,Lanarkshire,Burgesses & Guild Brethren Of Glasgow 1573-1750,https://www.findmypast.co.uk/transcript?id=SCOT%2FBURGESS%2F0013114
Andrew,Allasoun,1583,Glasgow,Lanarkshire,Burgesses & Guild Brethren Of Glasgow 1573-1750,https://www.findmypast.co.uk/transcript?id=SCOT%2FBURGESS%2F0013155
Fynelaye,Allassoun,1599,Glasgow,Lanarkshire,Burgesses & Guild Brethren Of Glasgow 1573-1750,https://www.findmypast.co.uk/transcript?id=SCOT%2FBURGESS%2F0013167
Andrew,Allousoun,1590,Glasgow,Lanarkshire,Burgesses & Guild Brethren Of Glasgow 1573-1750,https://www.findmypast.co.uk/transcript?id=SCOT%2FBURGESS%2F0013186
David,Anderson,1584,Glasgow,Lanarkshire,Burgesses & Guild Brethren Of Glasgow 1573-1750,https://www.findmypast.co.uk/transcript?id=SCOT%2FBURGESS%2F0013470
David,Anderson,1596,Glasgow,Lanarkshire,Burgesses & Guild Brethren Of Glasgow 1573-1750,https://www.findmypast.co.uk/transcript?id=SCOT%2FBURGESS%2F0013477
James,Anderson,1581,Glasgow,Lanarkshire,Burgesses & Guild Brethren Of Glasgow 1573-1750,https://www.findmypast.co.uk/transcript?id=SCOT%2FBURGESS%2F0013468
James,Anderson,1582,Glasgow,Lanarkshire,Burgesses & Guild Brethren Of Glasgow 1573-1750,https://www.findmypast.co.uk/transcript?id=SCOT%2FBURGESS%2F0013469
James,Anderson,1596,Glasgow,Lanarkshire,Burgesses & Guild Brethren Of Glasgow 1573-1750,https://www.findmypast.co.uk/transcript?id=SCOT%2FBURGESS%2F0013476
John,Anderson,1575,Glasgow,Lanarkshire,Burgesses & Guild Brethren Of Glasgow 1573-1750,https://www.findmypast.co.uk/transcript?id=SCOT%2FBURGESS%2F0013463
John,Anderson,1578-79,Glasgow,Lanarkshire,Burgesses & Guild Brethren Of Glasgow 1573-1750,https://www.findmypast.co.uk/transcript?id=SCOT%2FBURGESS%2F0013466
John,Anderson,1581,Glasgow,Lanarkshire,Burgesses & Guild Brethren Of Glasgow 1573-1750,https://www.findmypast.co.uk/transcript?id=SCOT%2FBURGESS%2F0013467
John,Anderson,1584-85,Glasgow,Lanarkshire,Burgesses & Guild Brethren Of Glasgow 1573-1750,https://www.findmypast.co.uk/transcript?id=SCOT%2FBURGESS%2F0013471
John,Anderson,1589-90,Glasgow,Lanarkshire,Burgesses & Guild Brethren Of Glasgow 1573-1750,https://www.findmypast.co.uk/transcript?id=SCOT%2FBURGESS%2F0013472
Robert,Anderson,1596,Glasgow,Lanarkshire,Burgesses & Guild Brethren Of Glasgow 1573-1750,https://www.findmypast.co.uk/transcript?id=SCOT%2FBURGESS%2F0013475
Robert,Anderson,1596-97,Glasgow,Lanarkshire,Burgesses & Guild Brethren Of Glasgow 1573-1750,https://www.findmypast.co.uk/transcript?id=SCOT%2FBURGESS%2F0013478
Thomas,Anderson,1589-90,Glasgow,Lanarkshire,Burgesses & Guild Brethren Of Glasgow 1573-1750,https://www.findmypast.co.uk/transcript?id=SCOT%2FBURGESS%2F0013473
William,Anderson,1576,Glasgow,Lanarkshire,Burgesses & Guild Brethren Of Glasgow 1573-1750,https://www.findmypast.co.uk/transcript?id=SCOT%2FBURGESS%2F0013464
William,Anderson,1578,Glasgow,Lanarkshire,Burgesses & Guild Brethren Of Glasgow 1573-1750,https://www.findmypast.co.uk/transcript?id=SCOT%2FBURGESS%2F0013465
William,Anderson,1595,Glasgow,Lanarkshire,Burgesses & Guild Brethren Of Glasgow 1573-1750,https://www.findmypast.co.uk/transcript?id=SCOT%2FBURGESS%2F0013474
William,Anderson,1598,Glasgow,Lanarkshire,Burgesses & Guild Brethren Of Glasgow 1573-1750,https://www.findmypast.co.uk/transcript?id=SCOT%2FBURGESS%2F0013479
David,Andrew,1596,Glasgow,Lanarkshire,Incorporation Of Skinners Of Glasgow Past Deacons & Collectors,https://www.findmypast.co.uk/transcript?id=SCOT%2FBURGESS%2F1031576
David,Andrew,1597,Glasgow,Lanarkshire,Incorporation Of Skinners Of Glasgow Past Deacons & Collectors,https://www.findmypast.co.uk/transcript?id=SCOT%2FBURGESS%2F1031577
Robert,Andrew,1581,Glasgow,Lanarkshire,Burgesses & Guild Brethren Of Glasgow 1573-1750,https://www.findmypast.co.uk/transcript?id=SCOT%2FBURGESS%2F0013657
David,Andro,1595,Glasgow,Lanarkshire,Burgesses & Guild Brethren Of Glasgow 1573-1750,https://www.findmypast.co.uk/transcript?id=SCOT%2FBURGESS%2F0013669
William,Arthour,1578,Glasgow,Lanarkshire,Burgesses & Guild Brethren Of Glasgow 1573-1750,https://www.findmypast.co.uk/transcript?id=SCOT%2FBURGESS%2F0013861
Gilbert,Auldcorn,1577,Glasgow,Lanarkshire,Burgesses & Guild Brethren Of Glasgow 1573-1750,https://www.findmypast.co.uk/transcript?id=SCOT%2FBURGESS%2F0014000
Gilbert,Auldcorn,1599,Glasgow,Lanarkshire,Burgesses & Guild Brethren Of Glasgow 1573-1750,https://www.findmypast.co.uk/transcript?id=SCOT%2FBURGESS%2F0014001
John,Baba,1584-85,Glasgow,Lanarkshire,Burgesses & Guild Brethren Of Glasgow 1573-1750,https://www.findmypast.co.uk/transcript?id=SCOT%2FBURGESS%2F0014039
Alexander,Baillie,1585,Glasgow,Lanarkshire,Burgesses & Guild Brethren Of Glasgow 1573-1750,https://www.findmypast.co.uk/transcript?id=SCOT%2FBURGESS%2F0014075
Thomas,Baillie,1595-96,Glasgow,Lanarkshire,Burgesses & Guild Brethren Of Glasgow 1573-1750,https://www.findmypast.co.uk/transcript?id=SCOT%2FBURGESS%2F0014076
James,Baird,1590,Glasgow,Lanarkshire,Burgesses & Guild Brethren Of Glasgow 1573-1750,https://www.findmypast.co.uk/transcript?id=SCOT%2FBURGESS%2F0014217
Matthew,Ballantyne,1582,Glasgow,Lanarkshire,Burgesses & Guild Brethren Of Glasgow 1573-1750,https://www.findmypast.co.uk/transcript?id=SCOT%2FBURGESS%2F0014360
James,Bannatyne,1589,Glasgow,Lanarkshire,Burgesses & Guild Brethren Of Glasgow 1573-1750,https://www.findmypast.co.uk/transcript?id=SCOT%2FBURGESS%2F0014471
Archibald,Bar,1576,Glasgow,Lanarkshire,Burgesses & Guild Brethren Of Glasgow 1573-1750,https://www.findmypast.co.uk/transcript?id=SCOT%2FBURGESS%2F0014506
James,Bar,1590,Glasgow,Lanarkshire,Burgesses & Guild Brethren Of Glasgow 1573-1750,https://www.findmypast.co.uk/transcript?id=SCOT%2FBURGESS%2F0014509
John,Bar,1575,Glasgow,Lanarkshire,Burgesses & Guild Brethren Of Glasgow 1573-1750,https://www.findmypast.co.uk/transcript?id=SCOT%2FBURGESS%2F0014505
Patrick,Bar,1574-75,Glasgow,Lanarkshire,Burgesses & Guild Brethren Of Glasgow 1573-1750,https://www.findmypast.co.uk/transcript?id=SCOT%2FBURGESS%2F0014504
Peter,Bar,1573-74,Glasgow,Lanarkshire,Burgesses & Guild Brethren Of Glasgow 1573-1750,https://www.findmypast.co.uk/transcript?id=SCOT%2FBURGESS%2F0014503
Robert,Bar,1578-79,Glasgow,Lanarkshire,Burgesses & Guild Brethren Of Glasgow 1573-1750,https://www.findmypast.co.uk/transcript?id=SCOT%2FBURGESS%2F0014507
Thomas,Bar,1584,Glasgow,Lanarkshire,Burgesses & Guild Brethren Of Glasgow 1573-1750,https://www.findmypast.co.uk/transcript?id=SCOT%2FBURGESS%2F0014508
John,Barnes,1588-89,Glasgow,Lanarkshire,Burgesses & Guild Brethren Of Glasgow 1573-1750,https://www.findmypast.co.uk/transcript?id=SCOT%2FBURGESS%2F0014624
Blais,Barrie,1581-82,Glasgow,Lanarkshire,Burgesses & Guild Brethren Of Glasgow 1573-1750,https://www.findmypast.co.uk/transcript?id=SCOT%2FBURGESS%2F0014733
James,Bautie,1576,Glasgow,Lanarkshire,Burgesses & Guild Brethren Of Glasgow 1573-1750,https://www.findmypast.co.uk/transcript?id=SCOT%2FBURGESS%2F0014811
James,Bell,1589,Glasgow,Lanarkshire,Burgesses & Guild Brethren Of Glasgow 1573-1750,https://www.findmypast.co.uk/transcript?id=SCOT%2FBURGESS%2F0015046
James,Bell,1590,Glasgow,Lanarkshire,Burgesses & Guild Brethren Of Glasgow 1573-1750,https://www.findmypast.co.uk/transcript?id=SCOT%2FBURGESS%2F0015047
Patrick,Bell,1596,Glasgow,Lanarkshire,Burgesses & Guild Brethren Of Glasgow 1573-1750,https://www.findmypast.co.uk/transcript?id=SCOT%2FBURGESS%2F0015048
Matthew,Bigard,—,Glasgow,Lanarkshire,Incorporation Of Skinners Of Glasgow Past Deacons & Collectors,https://www.findmypast.co.uk/transcript?id=SCOT%2FBURGESS%2F1031877
David,Bigart,1577-78,Glasgow,Lanarkshire,Burgesses & Guild Brethren Of Glasgow 1573-1750,https://www.findmypast.co.uk/transcript?id=SCOT%2FBURGESS%2F0015186
David,Bigart,1581,Glasgow,Lanarkshire,Incorporation Of Skinners Of Glasgow Past Deacons & Collectors,https://www.findmypast.co.uk/transcript?id=SCOT%2FBURGESS%2F1031878
David,Biggart,1574,Glasgow,Lanarkshire,Burgesses & Guild Brethren Of Glasgow 1573-1750,https://www.findmypast.co.uk/transcript?id=SCOT%2FBURGESS%2F0015198
John,Biggart,1576-77,Glasgow,Lanarkshire,Burgesses & Guild Brethren Of Glasgow 1573-1750,https://www.findmypast.co.uk/transcript?id=SCOT%2FBURGESS%2F0015199
Francis,Biscume,1584-85,Glasgow,Lanarkshire,Burgesses & Guild Brethren Of Glasgow 1573-1750,https://www.findmypast.co.uk/transcript?id=SCOT%2FBURGESS%2F0015284
James,Black,1596,Glasgow,Lanarkshire,Burgesses & Guild Brethren Of Glasgow 1573-1750,https://www.findmypast.co.uk/transcript?id=SCOT%2FBURGESS%2F0015368
James,Blackburn,1575,Glasgow,Lanarkshire,Burgesses & Guild Brethren Of Glasgow 1573-1750,https://www.findmypast.co.uk/transcript?id=SCOT%2FBURGESS%2F0015404
Andrew,Blackwood,1595,Glasgow,Lanarkshire,Burgesses & Guild Brethren Of Glasgow 1573-1750,https://www.findmypast.co.uk/transcript?id=SCOT%2FBURGESS%2F0015443
James,Blair,1583-84,Glasgow,Lanarkshire,Burgesses & Guild Brethren Of Glasgow 1573-1750,https://www.findmypast.co.uk/transcript?id=SCOT%2FBURGESS%2F0015530
John,Blair,1583,Glasgow,Lanarkshire,Burgesses & Guild Brethren Of Glasgow 1573-1750,https://www.findmypast.co.uk/transcript?id=SCOT%2FBURGESS%2F0015528
Robert,Blair,1583,Glasgow,Lanarkshire,Burgesses & Guild Brethren Of Glasgow 1573-1750,https://www.findmypast.co.uk/transcript?id=SCOT%2FBURGESS%2F0015529
Robert,Blair,1584,Glasgow,Lanarkshire,Burgesses & Guild Brethren Of Glasgow 1573-1750,https://www.findmypast.co.uk/transcript?id=SCOT%2FBURGESS%2F0015531
Matthew,Blak,1574-75,Glasgow,Lanarkshire,Burgesses & Guild Brethren Of Glasgow 1573-1750,https://www.findmypast.co.uk/transcript?id=SCOT%2FBURGESS%2F0015602
James,Bogil,1579,Glasgow,Lanarkshire,Burgesses & Guild Brethren Of Glasgow 1573-1750,https://www.findmypast.co.uk/transcript?id=SCOT%2FBURGESS%2F0015651
John,Bogil,1580,Glasgow,Lanarkshire,Burgesses & Guild Brethren Of Glasgow 1573-1750,https://www.findmypast.co.uk/transcript?id=SCOT%2FBURGESS%2F0015652
John,Bogill,1575,Glasgow,Lanarkshire,Burgesses & Guild Brethren Of Glasgow 1573-1750,https://www.findmypast.co.uk/transcript?id=SCOT%2FBURGESS%2F0015653
William,Bogle,1584,Glasgow,Lanarkshire,Burgesses & Guild Brethren Of Glasgow 1573-1750,https://www.findmypast.co.uk/transcript?id=SCOT%2FBURGESS%2F0015702
Mark,Bogyll,1588-89,Glasgow,Lanarkshire,Burgesses & Guild Brethren Of Glasgow 1573-1750,https://www.findmypast.co.uk/transcript?id=SCOT%2FBURGESS%2F0015747
John,Boill,1576,Glasgow,Lanarkshire,Burgesses & Guild Brethren Of Glasgow 1573-1750,https://www.findmypast.co.uk/transcript?id=SCOT%2FBURGESS%2F0015755
Hercules,Bowey,1597,Glasgow,Lanarkshire,Burgesses & Guild Brethren Of Glasgow 1573-1750,https://www.findmypast.co.uk/transcript?id=SCOT%2FBURGESS%2F0015884
James,Boyd,1576-77,Glasgow,Lanarkshire,Burgesses & Guild Brethren Of Glasgow 1573-1750,https://www.findmypast.co.uk/transcript?id=SCOT%2FBURGESS%2F0016039
John,Boyd,1581,Glasgow,Lanarkshire,Burgesses & Guild Brethren Of Glasgow 1573-1750,https://www.findmypast.co.uk/transcript?id=SCOT%2FBURGESS%2F0016041
John,Boyd,1582,Glasgow,Lanarkshire,Burgesses & Guild Brethren Of Glasgow 1573-1750,https://www.findmypast.co.uk/transcript?id=SCOT%2FBURGESS%2F0016042
John,Boyd,1584,Glasgow,Lanarkshire,Burgesses & Guild Brethren Of Glasgow 1573-1750,https://www.findmypast.co.uk/transcript?id=SCOT%2FBURGESS%2F0016043
John,Boyd,1584,Glasgow,Lanarkshire,Burgesses & Guild Brethren Of Glasgow 1573-1750,https://www.findmypast.co.uk/transcript?id=SCOT%2FBURGESS%2F0016044
John,Boyd,1595,Glasgow,Lanarkshire,Incorporation Of Masons Of Glasgow Members 1574-1950,https://www.findmypast.co.uk/transcript?id=SCOT%2FBURGESS%2F1029046
John,Boyd,1595,Glasgow,Lanarkshire,Burgesses & Guild Brethren Of Glasgow 1573-1750,https://www.findmypast.co.uk/transcript?id=SCOT%2FBURGESS%2F0016045
John,Boyd,1599,Glasgow,Lanarkshire,Burgesses & Guild Brethren Of Glasgow 1573-1750,https://www.findmypast.co.uk/transcript?id=SCOT%2FBURGESS%2F0016046
Ninian,Boyd,1576,Glasgow,Lanarkshire,Burgesses & Guild Brethren Of Glasgow 1573-1750,https://www.findmypast.co.uk/transcript?id=SCOT%2FBURGESS%2F0016038
Robert,Boyd,1573,Glasgow,Lanarkshire,List Of Provosts And Lords Provost Of Glasgow From 1450 To 1952,https://www.findmypast.co.uk/transcript?id=SCOT%2FBURGESS%2F1032037
Robert,Boyd,1574,Glasgow,Lanarkshire,Burgesses & Guild Brethren Of Glasgow 1573-1750,https://www.findmypast.co.uk/transcript?id=SCOT%2FBURGESS%2F0016037
Robert,Boyd,1580,Glasgow,Lanarkshire,Burgesses & Guild Brethren Of Glasgow 1573-1750,https://www.findmypast.co.uk/transcript?id=SCOT%2FBURGESS%2F0016040
James,Bradie,1583,Glasgow,Lanarkshire,Burgesses & Guild Brethren Of Glasgow 1573-1750,https://www.findmypast.co.uk/transcript?id=SCOT%2FBURGESS%2F0016156
David,Brady,1574,Glasgow,Lanarkshire,Burgesses & Guild Brethren Of Glasgow 1573-1750,https://www.findmypast.co.uk/transcript?id=SCOT%2FBURGESS%2F0016160
Andrew,Braidwode,1584,Glasgow,Lanarkshire,Burgesses & Guild Brethren Of Glasgow 1573-1750,https://www.findmypast.co.uk/transcript?id=SCOT%2FBURGESS%2F0016169
John,Brain,1594,Glasgow,Lanarkshire,Burgesses & Guild Brethren Of Glasgow 1573-1750,https://www.findmypast.co.uk/transcript?id=SCOT%2FBURGESS%2F0016186
Archibald,Brewhous,1578,Glasgow,Lanarkshire,Burgesses & Guild Brethren Of Glasgow 1573-1750,https://www.findmypast.co.uk/transcript?id=SCOT%2FBURGESS%2F0016240
Archibald,Brewhous,1589,Glasgow,Lanarkshire,Burgesses & Guild Brethren Of Glasgow 1573-1750,https://www.findmypast.co.uk/transcript?id=SCOT%2FBURGESS%2F0016241
James,Briscat,1576,Glasgow,Lanarkshire,Burgesses & Guild Brethren Of Glasgow 1573-1750,https://www.findmypast.co.uk/transcript?id=SCOT%2FBURGESS%2F0016276
Thomas,Briscatt,1594,Glasgow,Lanarkshire,Burgesses & Guild Brethren Of Glasgow 1573-1750,https://www.findmypast.co.uk/transcript?id=SCOT%2FBURGESS%2F0016277
Richard,Brok,1577,Glasgow,Lanarkshire,Burgesses & Guild Brethren Of Glasgow 1573-1750,https://www.findmypast.co.uk/transcript?id=SCOT%2FBURGESS%2F0016383
John,Brown,1585,Glasgow,Lanarkshire,Burgesses & Guild Brethren Of Glasgow 1573-1750,https://www.findmypast.co.uk/transcript?id=SCOT%2FBURGESS%2F0016748
John,Brown,1589-90,Glasgow,Lanarkshire,Burgesses & Guild Brethren Of Glasgow 1573-1750,https://www.findmypast.co.uk/transcript?id=SCOT%2FBURGESS%2F0016749
John,Brown,1595,Glasgow,Lanarkshire,Burgesses & Guild Brethren Of Glasgow 1573-1750,https://www.findmypast.co.uk/transcript?id=SCOT%2FBURGESS%2F0016750
Michael,Brown,1596,Glasgow,Lanarkshire,Burgesses & Guild Brethren Of Glasgow 1573-1750,https://www.findmypast.co.uk/transcript?id=SCOT%2FBURGESS%2F0016751
Robert,Brown,1584,Glasgow,Lanarkshire,Burgesses & Guild Brethren Of Glasgow 1573-1750,https://www.findmypast.co.uk/transcript?id=SCOT%2FBURGESS%2F0016747
Thomas,Brown,1573-74,Glasgow,Lanarkshire,Burgesses & Guild Brethren Of Glasgow 1573-1750,https://www.findmypast.co.uk/transcript?id=SCOT%2FBURGESS%2F0016746
Thomas,Browne,1580,Glasgow,Lanarkshire,Burgesses & Guild Brethren Of Glasgow 1573-1750,https://www.findmypast.co.uk/transcript?id=SCOT%2FBURGESS%2F0016871
James,Bryss,1580-81,Glasgow,Lanarkshire,Burgesses & Guild Brethren Of Glasgow 1573-1750,https://www.findmypast.co.uk/transcript?id=SCOT%2FBURGESS%2F0017140
Gilbert,Buchquhanan,1574,Glasgow,Lanarkshire,Burgesses & Guild Brethren Of Glasgow 1573-1750,https://www.findmypast.co.uk/transcript?id=SCOT%2FBURGESS%2F0017504
John,Buntcyne,1580,Glasgow,Lanarkshire,Burgesses & Guild Brethren Of Glasgow 1573-1750,https://www.findmypast.co.uk/transcript?id=SCOT%2FBURGESS%2F0017538
William,Bychart,1566,Glasgow,Lanarkshire,Incorporation Of Skinners Of Glasgow Past Deacons & Collectors,https://www.findmypast.co.uk/transcript?id=SCOT%2FBURGESS%2F1032341
William,Bychart,1568,Glasgow,Lanarkshire,Incorporation Of Skinners Of Glasgow Past Deacons & Collectors,https://www.findmypast.co.uk/transcript?id=SCOT%2FBURGESS%2F1032342
James,Byris,1575,Glasgow,Lanarkshire,Burgesses & Guild Brethren Of Glasgow 1573-1750,https://www.findmypast.co.uk/transcript?id=SCOT%2FBURGESS%2F0017746
David,Calderwood,1574,Glasgow,Lanarkshire,Burgesses & Guild Brethren Of Glasgow 1573-1750,https://www.findmypast.co.uk/transcript?id=SCOT%2FBURGESS%2F0017866
John,Caldwell,1599,Glasgow,Lanarkshire,Burgesses & Guild Brethren Of Glasgow 1573-1750,https://www.findmypast.co.uk/transcript?id=SCOT%2FBURGESS%2F0017897
Dougall,Campbell,1575,Glasgow,Lanarkshire,Burgesses & Guild Brethren Of Glasgow 1573-1750,https://www.findmypast.co.uk/transcript?id=SCOT%2FBURGESS%2F0018323
Duncan,Campbell,1580,Glasgow,Lanarkshire,Burgesses & Guild Brethren Of Glasgow 1573-1750,https://www.findmypast.co.uk/transcript?id=SCOT%2FBURGESS%2F0018324
Duncan,Campbell,1581,Glasgow,Lanarkshire,Burgesses & Guild Brethren Of Glasgow 1573-1750,https://www.findmypast.co.uk/transcript?id=SCOT%2FBURGESS%2F0018325
Robert,Campbell,1596,Glasgow,Lanarkshire,Burgesses & Guild Brethren Of Glasgow 1573-1750,https://www.findmypast.co.uk/transcript?id=SCOT%2FBURGESS%2F0018326
Donald,Camroun,1580,Glasgow,Lanarkshire,Burgesses & Guild Brethren Of Glasgow 1573-1750,https://www.findmypast.co.uk/transcript?id=SCOT%2FBURGESS%2F0018539
Andrew,Carmichael,1579,Glasgow,Lanarkshire,Burgesses & Guild Brethren Of Glasgow 1573-1750,https://www.findmypast.co.uk/transcript?id=SCOT%2FBURGESS%2F0018615
James,Carruthers,1589-90,Glasgow,Lanarkshire,Burgesses & Guild Brethren Of Glasgow 1573-1750,https://www.findmypast.co.uk/transcript?id=SCOT%2FBURGESS%2F0018686
John,Caulduell,1576,Glasgow,Lanarkshire,Burgesses & Guild Brethren Of Glasgow 1573-1750,https://www.findmypast.co.uk/transcript?id=SCOT%2FBURGESS%2F0018797
Alexander,Chop,1588,Glasgow,Lanarkshire,Burgesses & Guild Brethren Of Glasgow 1573-1750,https://www.findmypast.co.uk/transcript?id=SCOT%2FBURGESS%2F0019000
John,Chrychtoune,1596,Glasgow,Lanarkshire,Burgesses & Guild Brethren Of Glasgow 1573-1750,https://www.findmypast.co.uk/transcript?id=SCOT%2FBURGESS%2F0019052
Allan,Clerk,1589,Glasgow,Lanarkshire,Burgesses & Guild Brethren Of Glasgow 1573-1750,https://www.findmypast.co.uk/transcript?id=SCOT%2FBURGESS%2F0019340
John,Clerk,1574-75,Glasgow,Lanarkshire,Burgesses & Guild Brethren Of Glasgow 1573-1750,https://www.findmypast.co.uk/transcript?id=SCOT%2FBURGESS%2F0019337
William,Clerk,1575,Glasgow,Lanarkshire,Burgesses & Guild Brethren Of Glasgow 1573-1750,https://www.findmypast.co.uk/transcript?id=SCOT%2FBURGESS%2F0019338
William,Clerk,1580,Glasgow,Lanarkshire,Burgesses & Guild Brethren Of Glasgow 1573-1750,https://www.findmypast.co.uk/transcript?id=SCOT%2FBURGESS%2F0019339
William,Cliddisdaill,1583,Glasgow,Lanarkshire,Burgesses & Guild Brethren Of Glasgow 1573-1750,https://www.findmypast.co.uk/transcript?id=SCOT%2FBURGESS%2F0019362
John,Clune,1584,Glasgow,Lanarkshire,Burgesses & Guild Brethren Of Glasgow 1573-1750,https://www.findmypast.co.uk/transcript?id=SCOT%2FBURGESS%2F0019385
William,Cocherane,1584,Glasgow,Lanarkshire,Burgesses & Guild Brethren Of Glasgow 1573-1750,https://www.findmypast.co.uk/transcript?id=SCOT%2FBURGESS%2F0019446
Alexander,Cochran,1588,Glasgow,Lanarkshire,Incorporation Of Skinners Of Glasgow Past Deacons & Collectors,https://www.findmypast.co.uk/transcript?id=SCOT%2FBURGESS%2F1032623
Alexander,Cochran,1591,Glasgow,Lanarkshire,Incorporation Of Skinners Of Glasgow Past Deacons & Collectors,https://www.findmypast.co.uk/transcript?id=SCOT%2FBURGESS%2F1032624
Alexander,Cochran,1592,Glasgow,Lanarkshire,Incorporation Of Skinners Of Glasgow Past Deacons & Collectors,https://www.findmypast.co.uk/transcript?id=SCOT%2FBURGESS%2F1032625
Alexander,Cochrane,1580,Glasgow,Lanarkshire,Burgesses & Guild Brethren Of Glasgow 1573-1750,https://www.findmypast.co.uk/transcript?id=SCOT%2FBURGESS%2F0019489
Alexander,Cochrane,1583,Glasgow,Lanarkshire,Burgesses & Guild Brethren Of Glasgow 1573-1750,https://www.findmypast.co.uk/transcript?id=SCOT%2FBURGESS%2F0019492
John,Cochrane,1580,Glasgow,Lanarkshire,Burgesses & Guild Brethren Of Glasgow 1573-1750,https://www.findmypast.co.uk/transcript?id=SCOT%2FBURGESS%2F0019490
William,Cochrane,1582-83,Glasgow,Lanarkshire,Burgesses & Guild Brethren Of Glasgow 1573-1750,https://www.findmypast.co.uk/transcript?id=SCOT%2FBURGESS%2F0019491
William,Cochrane,1589-90,Glasgow,Lanarkshire,Burgesses & Guild Brethren Of Glasgow 1573-1750,https://www.findmypast.co.uk/transcript?id=SCOT%2FBURGESS%2F0019493
Murdoch,Cochrein,1595-96,Glasgow,Lanarkshire,Burgesses & Guild Brethren Of Glasgow 1573-1750,https://www.findmypast.co.uk/transcript?id=SCOT%2FBURGESS%2F0019535
John,Cochren,1596,Glasgow,Lanarkshire,Burgesses & Guild Brethren Of Glasgow 1573-1750,https://www.findmypast.co.uk/transcript?id=SCOT%2FBURGESS%2F0019536
John,Coittis,1585,Glasgow,Lanarkshire,Burgesses & Guild Brethren Of Glasgow 1573-1750,https://www.findmypast.co.uk/transcript?id=SCOT%2FBURGESS%2F0019592
Patrick,Cokkie,1583,Glasgow,Lanarkshire,Burgesses & Guild Brethren Of Glasgow 1573-1750,https://www.findmypast.co.uk/transcript?id=SCOT%2FBURGESS%2F0019598
Andrew,Colquhoun,1589,Glasgow,Lanarkshire,Burgesses & Guild Brethren Of Glasgow 1573-1750,https://www.findmypast.co.uk/transcript?id=SCOT%2FBURGESS%2F0019673
Henry,Colquhoun,1599,Glasgow,Lanarkshire,Burgesses & Guild Brethren Of Glasgow 1573-1750,https://www.findmypast.co.uk/transcript?id=SCOT%2FBURGESS%2F0019674
John,Colquhoun,1578,Glasgow,Lanarkshire,Burgesses & Guild Brethren Of Glasgow 1573-1750,https://www.findmypast.co.uk/transcript?id=SCOT%2FBURGESS%2F0019671
Patrick,Colquhoun,1573-74,Glasgow,Lanarkshire,Burgesses & Guild Brethren Of Glasgow 1573-1750,https://www.findmypast.co.uk/transcript?id=SCOT%2FBURGESS%2F0019670
Walter,Colquhoun,1584,Glasgow,Lanarkshire,Burgesses & Guild Brethren Of Glasgow 1573-1750,https://www.findmypast.co.uk/transcript?id=SCOT%2FBURGESS%2F0019672
Thomas,Con,1578,Glasgow,Lanarkshire,Burgesses & Guild Brethren Of Glasgow 1573-1750,https://www.findmypast.co.uk/transcript?id=SCOT%2FBURGESS%2F0019790
Alexander,Conyngham,1576,Glasgow,Lanarkshire,Burgesses & Guild Brethren Of Glasgow 1573-1750,https://www.findmypast.co.uk/transcript?id=SCOT%2FBURGESS%2F0019825
David,Conyngham,1583,Glasgow,Lanarkshire,Burgesses & Guild Brethren Of Glasgow 1573-1750,https://www.findmypast.co.uk/transcript?id=SCOT%2FBURGESS%2F0019827
Robert,Conyngham,1584-85,Glasgow,Lanarkshire,Burgesses & Guild Brethren Of Glasgow 1573-1750,https://www.findmypast.co.uk/transcript?id=SCOT%2FBURGESS%2F0019829
Thomas,Conyngham,—,Glasgow,Lanarkshire,Burgesses & Guild Brethren Of Glasgow 1573-1750,https://www.findmypast.co.uk/transcript?id=SCOT%2FBURGESS%2F0019832
Thomas,Conyngham,1583,Glasgow,Lanarkshire,Burgesses & Guild Brethren Of Glasgow 1573-1750,https://www.findmypast.co.uk/transcript?id=SCOT%2FBURGESS%2F0019828
William,Conyngham,1579,Glasgow,Lanarkshire,Burgesses & Guild Brethren Of Glasgow 1573-1750,https://www.findmypast.co.uk/transcript?id=SCOT%2FBURGESS%2F0019826
John,Conynghame,1599,Glasgow,Lanarkshire,Burgesses & Guild Brethren Of Glasgow 1573-1750,https://www.findmypast.co.uk/transcript?id=SCOT%2FBURGESS%2F0019842
John,Conynghame,1599,Glasgow,Lanarkshire,Burgesses & Guild Brethren Of Glasgow 1573-1750,https://www.findmypast.co.uk/transcript?id=SCOT%2FBURGESS%2F0019841
Robert,Conynghame,1584,Glasgow,Lanarkshire,Burgesses & Guild Brethren Of Glasgow 1573-1750,https://www.findmypast.co.uk/transcript?id=SCOT%2FBURGESS%2F0019837
Umphra,Conynghame,1589,Glasgow,Lanarkshire,Burgesses & Guild Brethren Of Glasgow 1573-1750,https://www.findmypast.co.uk/transcript?id=SCOT%2FBURGESS%2F0019838
William,Conynghame,1596,Glasgow,Lanarkshire,Burgesses & Guild Brethren Of Glasgow 1573-1750,https://www.findmypast.co.uk/transcript?id=SCOT%2FBURGESS%2F0019839
William,Conynghame,1599,Glasgow,Lanarkshire,Burgesses & Guild Brethren Of Glasgow 1573-1750,https://www.findmypast.co.uk/transcript?id=SCOT%2FBURGESS%2F0019840
John,Cordiner,1590,Glasgow,Lanarkshire,Burgesses & Guild Brethren Of Glasgow 1573-1750,https://www.findmypast.co.uk/transcript?id=SCOT%2FBURGESS%2F0019957
Thomas,Cors,1599,Glasgow,Lanarkshire,Burgesses & Guild Brethren Of Glasgow 1573-1750,https://www.findmypast.co.uk/transcript?id=SCOT%2FBURGESS%2F0019977
Thomas,Cowie,1581-82,Glasgow,Lanarkshire,Burgesses & Guild Brethren Of Glasgow 1573-1750,https://www.findmypast.co.uk/transcript?id=SCOT%2FBURGESS%2F0020163
William,Cowie,1578,Glasgow,Lanarkshire,Burgesses & Guild Brethren Of Glasgow 1573-1750,https://www.findmypast.co.uk/transcript?id=SCOT%2FBURGESS%2F0020162
David,Craig,1577,Glasgow,Lanarkshire,Burgesses & Guild Brethren Of Glasgow 1573-1750,https://www.findmypast.co.uk/transcript?id=SCOT%2FBURGESS%2F0020322
James,Craig,1574,Glasgow,Lanarkshire,Burgesses & Guild Brethren Of Glasgow 1573-1750,https://www.findmypast.co.uk/transcript?id=SCOT%2FBURGESS%2F0020319
John,Craig,1595,Glasgow,Lanarkshire,Burgesses & Guild Brethren Of Glasgow 1573-1750,https://www.findmypast.co.uk/transcript?id=SCOT%2FBURGESS%2F0020324
John,Craig,1597,Glasgow,Lanarkshire,Burgesses & Guild Brethren Of Glasgow 1573-1750,https://www.findmypast.co.uk/transcript?id=SCOT%2FBURGESS%2F0020325
Patrick,Craig,1588-89,Glasgow,Lanarkshire,Burgesses & Guild Brethren Of Glasgow 1573-1750,https://www.findmypast.co.uk/transcript?id=SCOT%2FBURGESS%2F0020323
Robert,Craig,1576,Glasgow,Lanarkshire,Burgesses & Guild Brethren Of Glasgow 1573-1750,https://www.findmypast.co.uk/transcript?id=SCOT%2FBURGESS%2F0020320
William,Craig,1576-77,Glasgow,Lanarkshire,Burgesses & Guild Brethren Of Glasgow 1573-1750,https://www.findmypast.co.uk/transcript?id=SCOT%2FBURGESS%2F0020321
Thomas,Crawford,1577,Glasgow,Lanarkshire,List Of Provosts And Lords Provost Of Glasgow From 1450 To 1952,https://www.findmypast.co.uk/transcript?id=SCOT%2FBURGESS%2F1032814
James,Crawfurd,1578,Glasgow,Lanarkshire,Burgesses & Guild Brethren Of Glasgow 1573-1750,https://www.findmypast.co.uk/transcript?id=SCOT%2FBURGESS%2F0020553
John,Crawfurd,1580,Glasgow,Lanarkshire,Burgesses & Guild Brethren Of Glasgow 1573-1750,https://www.findmypast.co.uk/transcript?id=SCOT%2FBURGESS%2F0020554
John,Crawfurd,1596,Glasgow,Lanarkshire,Burgesses & Guild Brethren Of Glasgow 1573-1750,https://www.findmypast.co.uk/transcript?id=SCOT%2FBURGESS%2F0020555
John,Crawfurd,1599,Glasgow,Lanarkshire,Burgesses & Guild Brethren Of Glasgow 1573-1750,https://www.findmypast.co.uk/transcript?id=SCOT%2FBURGESS%2F0020557
Robert,Crawfurd,1598,Glasgow,Lanarkshire,Burgesses & Guild Brethren Of Glasgow 1573-1750,https://www.findmypast.co.uk/transcript?id=SCOT%2FBURGESS%2F0020556
Allan,Crawfurde,1574,Glasgow,Lanarkshire,Burgesses & Guild Brethren Of Glasgow 1573-1750,https://www.findmypast.co.uk/transcript?id=SCOT%2FBURGESS%2F0020652
John,Crawfurde,1574,Glasgow,Lanarkshire,Burgesses & Guild Brethren Of Glasgow 1573-1750,https://www.findmypast.co.uk/transcript?id=SCOT%2FBURGESS%2F0020653
Nicol,Cudbert,1585-86,Glasgow,Lanarkshire,Burgesses & Guild Brethren Of Glasgow 1573-1750,https://www.findmypast.co.uk/transcript?id=SCOT%2FBURGESS%2F0020827
John,Cuik,1577,Glasgow,Lanarkshire,Burgesses & Guild Brethren Of Glasgow 1573-1750,https://www.findmypast.co.uk/transcript?id=SCOT%2FBURGESS%2F0020830
John,Cuik,1598-99,Glasgow,Lanarkshire,Burgesses & Guild Brethren Of Glasgow 1573-1750,https://www.findmypast.co.uk/transcript?id=SCOT%2FBURGESS%2F0020831
David,Culane,1575,Glasgow,Lanarkshire,Burgesses & Guild Brethren Of Glasgow 1573-1750,https://www.findmypast.co.uk/transcript?id=SCOT%2FBURGESS%2F0020838
John,Cumming,1575,Glasgow,Lanarkshire,Burgesses & Guild Brethren Of Glasgow 1573-1750,https://www.findmypast.co.uk/transcript?id=SCOT%2FBURGESS%2F0020890
William,Cumyng,1576,Glasgow,Lanarkshire,Burgesses & Guild Brethren Of Glasgow 1573-1750,https://www.findmypast.co.uk/transcript?id=SCOT%2FBURGESS%2F0020920
James,Cunynghame,1582-83,Glasgow,Lanarkshire,Burgesses & Guild Brethren Of Glasgow 1573-1750,https://www.findmypast.co.uk/transcript?id=SCOT%2FBURGESS%2F0021082
George,Curry,1573-74,Glasgow,Lanarkshire,Burgesses & Guild Brethren Of Glasgow 1573-1750,https://www.findmypast.co.uk/transcript?id=SCOT%2FBURGESS%2F0021120
Andrew,Dalgleis,1595,Glasgow,Lanarkshire,Burgesses & Guild Brethren Of Glasgow 1573-1750,https://www.findmypast.co.uk/transcript?id=SCOT%2FBURGESS%2F0021177
Michael,Dalgleis,1576,Glasgow,Lanarkshire,Burgesses & Guild Brethren Of Glasgow 1573-1750,https://www.findmypast.co.uk/transcript?id=SCOT%2FBURGESS%2F0021176
John,Dalrumpill,1596,Glasgow,Lanarkshire,Burgesses & Guild Brethren Of Glasgow 1573-1750,https://www.findmypast.co.uk/transcript?id=SCOT%2FBURGESS%2F0021228
Archibald,Davidson,1580-81,Glasgow,Lanarkshire,Burgesses & Guild Brethren Of Glasgow 1573-1750,https://www.findmypast.co.uk/transcript?id=SCOT%2FBURGESS%2F0021360
John,Davidsoun,1578,Glasgow,Lanarkshire,Burgesses & Guild Brethren Of Glasgow 1573-1750,https://www.findmypast.co.uk/transcript?id=SCOT%2FBURGESS%2F0021393
James,Davy,1580-81,Glasgow,Lanarkshire,Burgesses & Guild Brethren Of Glasgow 1573-1750,https://www.findmypast.co.uk/transcript?id=SCOT%2FBURGESS%2F0021424
James,Dawie,1585,Glasgow,Lanarkshire,Burgesses & Guild Brethren Of Glasgow 1573-1750,https://www.findmypast.co.uk/transcript?id=SCOT%2FBURGESS%2F0021425
John,Deaness,1588,Glasgow,Lanarkshire,Burgesses & Guild Brethren Of Glasgow 1573-1750,https://www.findmypast.co.uk/transcript?id=SCOT%2FBURGESS%2F0021459
Patrick,Dennestoun,1581-82,Glasgow,Lanarkshire,Burgesses & Guild Brethren Of Glasgow 1573-1750,https://www.findmypast.co.uk/transcript?id=SCOT%2FBURGESS%2F0021514
James,Dennysoun,1589,Glasgow,Lanarkshire,Burgesses & Guild Brethren Of Glasgow 1573-1750,https://www.findmypast.co.uk/transcript?id=SCOT%2FBURGESS%2F0021551
William,Deuy,1581,Glasgow,Lanarkshire,Burgesses & Guild Brethren Of Glasgow 1573-1750,https://www.findmypast.co.uk/transcript?id=SCOT%2FBURGESS%2F0021567
David,Dickson,1584,Glasgow,Lanarkshire,Burgesses & Guild Brethren Of Glasgow 1573-1750,https://www.findmypast.co.uk/transcript?id=SCOT%2FBURGESS%2F0021741
John,Dickson,1589,Glasgow,Lanarkshire,Burgesses & Guild Brethren Of Glasgow 1573-1750,https://www.findmypast.co.uk/transcript?id=SCOT%2FBURGESS%2F0021742
Steine,Dikkie,1583,Glasgow,Lanarkshire,Burgesses & Guild Brethren Of Glasgow 1573-1750,https://www.findmypast.co.uk/transcript?id=SCOT%2FBURGESS%2F0021758
John,Donald,1584,Glasgow,Lanarkshire,Burgesses & Guild Brethren Of Glasgow 1573-1750,https://www.findmypast.co.uk/transcript?id=SCOT%2FBURGESS%2F0021935
John,Donald,1585,Glasgow,Lanarkshire,Burgesses & Guild Brethren Of Glasgow 1573-1750,https://www.findmypast.co.uk/transcript?id=SCOT%2FBURGESS%2F0021936
Michael,Donald,1597,Glasgow,Lanarkshire,Burgesses & Guild Brethren Of Glasgow 1573-1750,https://www.findmypast.co.uk/transcript?id=SCOT%2FBURGESS%2F0021937
Robert,Donaldson,1589,Glasgow,Lanarkshire,Burgesses & Guild Brethren Of Glasgow 1573-1750,https://www.findmypast.co.uk/transcript?id=SCOT%2FBURGESS%2F0021998
Andrew,Dougall,1599,Glasgow,Lanarkshire,Burgesses & Guild Brethren Of Glasgow 1573-1750,https://www.findmypast.co.uk/transcript?id=SCOT%2FBURGESS%2F0022084
Lucas,Dougall,1585,Glasgow,Lanarkshire,Burgesses & Guild Brethren Of Glasgow 1573-1750,https://www.findmypast.co.uk/transcript?id=SCOT%2FBURGESS%2F0022083
John,Douglas,1575,Glasgow,Lanarkshire,Burgesses & Guild Brethren Of Glasgow 1573-1750,https://www.findmypast.co.uk/transcript?id=SCOT%2FBURGESS%2F0022186
John,Douglas,1596,Glasgow,Lanarkshire,Burgesses & Guild Brethren Of Glasgow 1573-1750,https://www.findmypast.co.uk/transcript?id=SCOT%2FBURGESS%2F0022187
John,Douglas,1599,Glasgow,Lanarkshire,Burgesses & Guild Brethren Of Glasgow 1573-1750,https://www.findmypast.co.uk/transcript?id=SCOT%2FBURGESS%2F0022188
Walter,Douglas,1599,Glasgow,Lanarkshire,Burgesses & Guild Brethren Of Glasgow 1573-1750,https://www.findmypast.co.uk/transcript?id=SCOT%2FBURGESS%2F0022189
Robert,Dow,1577,Glasgow,Lanarkshire,Burgesses & Guild Brethren Of Glasgow 1573-1750,https://www.findmypast.co.uk/transcript?id=SCOT%2FBURGESS%2F0022267
John,Dowgall,1580,Glasgow,Lanarkshire,Burgesses & Guild Brethren Of Glasgow 1573-1750,https://www.findmypast.co.uk/transcript?id=SCOT%2FBURGESS%2F0022279
Andrew,Downie,1583,Glasgow,Lanarkshire,Burgesses & Guild Brethren Of Glasgow 1573-1750,https://www.findmypast.co.uk/transcript?id=SCOT%2FBURGESS%2F0022330
Andrew,Downie,1590,Glasgow,Lanarkshire,Incorporation Of Coopers Of Glasgow Past Deacons,https://www.findmypast.co.uk/transcript?id=SCOT%2FBURGESS%2F1033069
John,Drew,1577,Glasgow,Lanarkshire,Burgesses & Guild Brethren Of Glasgow 1573-1750,https://www.findmypast.co.uk/transcript?id=SCOT%2FBURGESS%2F0022378
William,Drew,1599,Glasgow,Lanarkshire,Burgesses & Guild Brethren Of Glasgow 1573-1750,https://www.findmypast.co.uk/transcript?id=SCOT%2FBURGESS%2F0022379
John,Drippis,1580,Glasgow,Lanarkshire,Burgesses & Guild Brethren Of Glasgow 1573-1750,https://www.findmypast.co.uk/transcript?id=SCOT%2FBURGESS%2F0022406
—,Dumbarton,1581,Glasgow,Lanarkshire,Burgesses & Guild Brethren Of Glasgow 1573-1750,https://www.findmypast.co.uk/transcript?id=SCOT%2FBURGESS%2F0022573
John,Duncan,1595,Glasgow,Lanarkshire,Burgesses & Guild Brethren Of Glasgow 1573-1750,https://www.findmypast.co.uk/transcript?id=SCOT%2FBURGESS%2F0022707
Thomas,Duncan,1595,Glasgow,Lanarkshire,Burgesses & Guild Brethren Of Glasgow 1573-1750,https://www.findmypast.co.uk/transcript?id=SCOT%2FBURGESS%2F0022708
John,Duncansone,1596,Glasgow,Lanarkshire,Burgesses & Guild Brethren Of Glasgow 1573-1750,https://www.findmypast.co.uk/transcript?id=SCOT%2FBURGESS%2F0022788
Constine,Dunlop,1590,Glasgow,Lanarkshire,Burgesses & Guild Brethren Of Glasgow 1573-1750,https://www.findmypast.co.uk/transcript?id=SCOT%2FBURGESS%2F0022881
James,Dunlop,1589,Glasgow,Lanarkshire,Burgesses & Guild Brethren Of Glasgow 1573-1750,https://www.findmypast.co.uk/transcript?id=SCOT%2FBURGESS%2F0022880
John,Dunlop,1584,Glasgow,Lanarkshire,Burgesses & Guild Brethren Of Glasgow 1573-1750,https://www.findmypast.co.uk/transcript?id=SCOT%2FBURGESS%2F0022879
George,Dunlope,1588,Glasgow,Lanarkshire,Burgesses & Guild Brethren Of Glasgow 1573-1750,https://www.findmypast.co.uk/transcript?id=SCOT%2FBURGESS%2F0022945
Steyne,Dwdaill,1595-96,Glasgow,Lanarkshire,Burgesses & Guild Brethren Of Glasgow 1573-1750,https://www.findmypast.co.uk/transcript?id=SCOT%2FBURGESS%2F0023020
Adam,Elphinstoun,1589,Glasgow,Lanarkshire,Burgesses & Guild Brethren Of Glasgow 1573-1750,https://www.findmypast.co.uk/transcript?id=SCOT%2FBURGESS%2F0023262
Thomas,Erstoun,1589,Glasgow,Lanarkshire,Burgesses & Guild Brethren Of Glasgow 1573-1750,https://www.findmypast.co.uk/transcript?id=SCOT%2FBURGESS%2F0023321
George,Esdale,1575,Glasgow,Lanarkshire,Burgesses & Guild Brethren Of Glasgow 1573-1750,https://www.findmypast.co.uk/transcript?id=SCOT%2FBURGESS%2F0023328
Matthew,Falconer,1595,Glasgow,Lanarkshire,Burgesses & Guild Brethren Of Glasgow 1573-1750,https://www.findmypast.co.uk/transcript?id=SCOT%2FBURGESS%2F0023520
Andrew,Farie,1581,Glasgow,Lanarkshire,Burgesses & Guild Brethren Of Glasgow 1573-1750,https://www.findmypast.co.uk/transcript?id=SCOT%2FBURGESS%2F0023560
Archibald,Faulis,1577,Glasgow,Lanarkshire,Burgesses & Guild Brethren Of Glasgow 1573-1750,https://www.findmypast.co.uk/transcript?id=SCOT%2FBURGESS%2F0023603
Andrew,Fawlis,1574,Glasgow,Lanarkshire,Burgesses & Guild Brethren Of Glasgow 1573-1750,https://www.findmypast.co.uk/transcript?id=SCOT%2FBURGESS%2F0023618
Thomas,Fawsyd,1579,Glasgow,Lanarkshire,Burgesses & Guild Brethren Of Glasgow 1573-1750,https://www.findmypast.co.uk/transcript?id=SCOT%2FBURGESS%2F0023619
James,Ferguissoune,1595,Glasgow,Lanarkshire,Burgesses & Guild Brethren Of Glasgow 1573-1750,https://www.findmypast.co.uk/transcript?id=SCOT%2FBURGESS%2F0023647
Thomas,Fergussoun,1584,Glasgow,Lanarkshire,Burgesses & Guild Brethren Of Glasgow 1573-1750,https://www.findmypast.co.uk/transcript?id=SCOT%2FBURGESS%2F0023860
William,Fergussoun,1590,Glasgow,Lanarkshire,Burgesses & Guild Brethren Of Glasgow 1573-1750,https://www.findmypast.co.uk/transcript?id=SCOT%2FBURGESS%2F0023861
John,Ferquhar,1579,Glasgow,Lanarkshire,Burgesses & Guild Brethren Of Glasgow 1573-1750,https://www.findmypast.co.uk/transcript?id=SCOT%2FBURGESS%2F0023866
Peter,Ferryar,1596,Glasgow,Lanarkshire,Burgesses & Guild Brethren Of Glasgow 1573-1750,https://www.findmypast.co.uk/transcript?id=SCOT%2FBURGESS%2F0023894
Robert,Fischer,1585,Glasgow,Lanarkshire,Burgesses & Guild Brethren Of Glasgow 1573-1750,https://www.findmypast.co.uk/transcript?id=SCOT%2FBURGESS%2F0024103
David,Fleming,1575,Glasgow,Lanarkshire,Burgesses & Guild Brethren Of Glasgow 1573-1750,https://www.findmypast.co.uk/transcript?id=SCOT%2FBURGESS%2F0024265
James,Fleming,1582,Glasgow,Lanarkshire,Burgesses & Guild Brethren Of Glasgow 1573-1750,https://www.findmypast.co.uk/transcript?id=SCOT%2FBURGESS%2F0024267
John,Fleming,1596,Glasgow,Lanarkshire,Burgesses & Guild Brethren Of Glasgow 1573-1750,https://www.findmypast.co.uk/transcript?id=SCOT%2FBURGESS%2F0024270
John,Fleming,1599,Glasgow,Lanarkshire,Burgesses & Guild Brethren Of Glasgow 1573-1750,https://www.findmypast.co.uk/transcript?id=SCOT%2FBURGESS%2F0024271
Robert,Fleming,1581,Glasgow,Lanarkshire,Burgesses & Guild Brethren Of Glasgow 1573-1750,https://www.findmypast.co.uk/transcript?id=SCOT%2FBURGESS%2F0024266
Thomas,Fleming,1594,Glasgow,Lanarkshire,Burgesses & Guild Brethren Of Glasgow 1573-1750,https://www.findmypast.co.uk/transcript?id=SCOT%2FBURGESS%2F0024269
William,Fleming,1584,Glasgow,Lanarkshire,Burgesses & Guild Brethren Of Glasgow 1573-1750,https://www.findmypast.co.uk/transcript?id=SCOT%2FBURGESS%2F0024268
Lucas,Fleyming,1588,Glasgow,Lanarkshire,Burgesses & Guild Brethren Of Glasgow 1573-1750,https://www.findmypast.co.uk/transcript?id=SCOT%2FBURGESS%2F0024374
Robert,Forrest,1573-74,Glasgow,Lanarkshire,Burgesses & Guild Brethren Of Glasgow 1573-1750,https://www.findmypast.co.uk/transcript?id=SCOT%2FBURGESS%2F0024498
William,Forrett,1575-76,Glasgow,Lanarkshire,Burgesses & Guild Brethren Of Glasgow 1573-1750,https://www.findmypast.co.uk/transcript?id=SCOT%2FBURGESS%2F0024572
William,Forthik,1579,Glasgow,Lanarkshire,Burgesses & Guild Brethren Of Glasgow 1573-1750,https://www.findmypast.co.uk/transcript?id=SCOT%2FBURGESS%2F0024629
Andrew,Foullis,1583,Glasgow,Lanarkshire,Burgesses & Guild Brethren Of Glasgow 1573-1750,https://www.findmypast.co.uk/transcript?id=SCOT%2FBURGESS%2F0024659
Archibald,Frebarne,1583,Glasgow,Lanarkshire,Burgesses & Guild Brethren Of Glasgow 1573-1750,https://www.findmypast.co.uk/transcript?id=SCOT%2FBURGESS%2F0024785
Robert,Fulton,1575,Glasgow,Lanarkshire,Burgesses & Guild Brethren Of Glasgow 1573-1750,https://www.findmypast.co.uk/transcript?id=SCOT%2FBURGESS%2F0024888
Thomas,Fynlay,1584,Glasgow,Lanarkshire,Burgesses & Guild Brethren Of Glasgow 1573-1750,https://www.findmypast.co.uk/transcript?id=SCOT%2FBURGESS%2F0024949
John,Fynlaye,1579-80,Glasgow,Lanarkshire,Burgesses & Guild Brethren Of Glasgow 1573-1750,https://www.findmypast.co.uk/transcript?id=SCOT%2FBURGESS%2F0024955
Alexander,Galbraith,1579-80,Glasgow,Lanarkshire,Burgesses & Guild Brethren Of Glasgow 1573-1750,https://www.findmypast.co.uk/transcript?id=SCOT%2FBURGESS%2F0025013
Martin,Gall,1588,Glasgow,Lanarkshire,Burgesses & Guild Brethren Of Glasgow 1573-1750,https://www.findmypast.co.uk/transcript?id=SCOT%2FBURGESS%2F0025041
Andrew,Gammill,1578-79,Glasgow,Lanarkshire,Burgesses & Guild Brethren Of Glasgow 1573-1750,https://www.findmypast.co.uk/transcript?id=SCOT%2FBURGESS%2F0025103
Robert,Gardiner,1598-99,Glasgow,Lanarkshire,Burgesses & Guild Brethren Of Glasgow 1573-1750,https://www.findmypast.co.uk/transcript?id=SCOT%2FBURGESS%2F0025132
John,Gardner,1595,Glasgow,Lanarkshire,Burgesses & Guild Brethren Of Glasgow 1573-1750,https://www.findmypast.co.uk/transcript?id=SCOT%2FBURGESS%2F0025233
Thomas,Garne,1577,Glasgow,Lanarkshire,Burgesses & Guild Brethren Of Glasgow 1573-1750,https://www.findmypast.co.uk/transcript?id=SCOT%2FBURGESS%2F0025247
Rogert,Gartlugy,1575,Glasgow,Lanarkshire,Burgesses & Guild Brethren Of Glasgow 1573-1750,https://www.findmypast.co.uk/transcript?id=SCOT%2FBURGESS%2F0025278
Hew,Garvan,1594,Glasgow,Lanarkshire,Burgesses & Guild Brethren Of Glasgow 1573-1750,https://www.findmypast.co.uk/transcript?id=SCOT%2FBURGESS%2F0025281
John,Gawey,1580,Glasgow,Lanarkshire,Burgesses & Guild Brethren Of Glasgow 1573-1750,https://www.findmypast.co.uk/transcript?id=SCOT%2FBURGESS%2F0025305
George,Gemmill,1596,Glasgow,Lanarkshire,Burgesses & Guild Brethren Of Glasgow 1573-1750,https://www.findmypast.co.uk/transcript?id=SCOT%2FBURGESS%2F0025374
John,Gemmill,1573,Glasgow,Lanarkshire,Incorporation Of Skinners Of Glasgow Past Deacons & Collectors,https://www.findmypast.co.uk/transcript?id=SCOT%2FBURGESS%2F1033508
Patrick,Gemmill,1583,Glasgow,Lanarkshire,Burgesses & Guild Brethren Of Glasgow 1573-1750,https://www.findmypast.co.uk/transcript?id=SCOT%2FBURGESS%2F0025373
Patrick,Gemmill,1587,Glasgow,Lanarkshire,Incorporation Of Skinners Of Glasgow Past Deacons & Collectors,https://www.findmypast.co.uk/transcript?id=SCOT%2FBURGESS%2F1033509
Rankine,Gemmill,1599,Glasgow,Lanarkshire,Burgesses & Guild Brethren Of Glasgow 1573-1750,https://www.findmypast.co.uk/transcript?id=SCOT%2FBURGESS%2F0025375
Thomas,Gemmill,1582-83,Glasgow,Lanarkshire,Burgesses & Guild Brethren Of Glasgow 1573-1750,https://www.findmypast.co.uk/transcript?id=SCOT%2FBURGESS%2F0025372
Thomas,Gemmill,1599,Glasgow,Lanarkshire,Burgesses & Guild Brethren Of Glasgow 1573-1750,https://www.findmypast.co.uk/transcript?id=SCOT%2FBURGESS%2F0025376
John,Gemyll,1589,Glasgow,Lanarkshire,Burgesses & Guild Brethren Of Glasgow 1573-1750,https://www.findmypast.co.uk/transcript?id=SCOT%2FBURGESS%2F0025393
James,Gib,1589,Glasgow,Lanarkshire,Burgesses & Guild Brethren Of Glasgow 1573-1750,https://www.findmypast.co.uk/transcript?id=SCOT%2FBURGESS%2F0025422
Alexander,Gibson,1580,Glasgow,Lanarkshire,Burgesses & Guild Brethren Of Glasgow 1573-1750,https://www.findmypast.co.uk/transcript?id=SCOT%2FBURGESS%2F0025540
Robert,Gibsoun,1588,Glasgow,Lanarkshire,Burgesses & Guild Brethren Of Glasgow 1573-1750,https://www.findmypast.co.uk/transcript?id=SCOT%2FBURGESS%2F0025578
Thomas,Gilcristsone,1574,Glasgow,Lanarkshire,Burgesses & Guild Brethren Of Glasgow 1573-1750,https://www.findmypast.co.uk/transcript?id=SCOT%2FBURGESS%2F0025662
John,Gilhagie,1583,Glasgow,Lanarkshire,Burgesses & Guild Brethren Of Glasgow 1573-1750,https://www.findmypast.co.uk/transcript?id=SCOT%2FBURGESS%2F0025688
William,Gilhagie,1584,Glasgow,Lanarkshire,Burgesses & Guild Brethren Of Glasgow 1573-1750,https://www.findmypast.co.uk/transcript?id=SCOT%2FBURGESS%2F0025689
John,Gillespy,1596-97,Glasgow,Lanarkshire,Burgesses & Guild Brethren Of Glasgow 1573-1750,https://www.findmypast.co.uk/transcript?id=SCOT%2FBURGESS%2F0025753
John,Gillies,1590,Glasgow,Lanarkshire,Burgesses & Guild Brethren Of Glasgow 1573-1750,https://www.findmypast.co.uk/transcript?id=SCOT%2FBURGESS%2F0025775
James,Gilmour,1581-82,Glasgow,Lanarkshire,Burgesses & Guild Brethren Of Glasgow 1573-1750,https://www.findmypast.co.uk/transcript?id=SCOT%2FBURGESS%2F0025850
James,Gilmour,1599,Glasgow,Lanarkshire,Burgesses & Guild Brethren Of Glasgow 1573-1750,https://www.findmypast.co.uk/transcript?id=SCOT%2FBURGESS%2F0025852
Robert,Gilmour,1584,Glasgow,Lanarkshire,Burgesses & Guild Brethren Of Glasgow 1573-1750,https://www.findmypast.co.uk/transcript?id=SCOT%2FBURGESS%2F0025851
Steven,Gilmour,1580,Glasgow,Lanarkshire,Burgesses & Guild Brethren Of Glasgow 1573-1750,https://www.findmypast.co.uk/transcript?id=SCOT%2FBURGESS%2F0025849
—,Glasgow,1581,Glasgow,Lanarkshire,Burgesses & Guild Brethren Of Glasgow 1573-1750,https://www.findmypast.co.uk/transcript?id=SCOT%2FBURGESS%2F0025937
Ninian,Glasgow,1596,Glasgow,Lanarkshire,Burgesses & Guild Brethren Of Glasgow 1573-1750,https://www.findmypast.co.uk/transcript?id=SCOT%2FBURGESS%2F0025945
Archibald,Glen,1594-95,Glasgow,Lanarkshire,Burgesses & Guild Brethren Of Glasgow 1573-1750,https://www.findmypast.co.uk/transcript?id=SCOT%2FBURGESS%2F0026022
John,Glen,1575,Glasgow,Lanarkshire,Burgesses & Guild Brethren Of Glasgow 1573-1750,https://www.findmypast.co.uk/transcript?id=SCOT%2FBURGESS%2F0026019
John,Glen,1591,Glasgow,Lanarkshire,Incorporation Of Weavers Of Glasgow Past Deacons,https://www.findmypast.co.uk/transcript?id=SCOT%2FBURGESS%2F1033673
John,Glen,1592,Glasgow,Lanarkshire,Incorporation Of Weavers Of Glasgow Past Deacons,https://www.findmypast.co.uk/transcript?id=SCOT%2FBURGESS%2F1033674
John,Glen,1596,Glasgow,Lanarkshire,Burgesses & Guild Brethren Of Glasgow 1573-1750,https://www.findmypast.co.uk/transcript?id=SCOT%2FBURGESS%2F0026023
Patrick,Glen,1585,Glasgow,Lanarkshire,Burgesses & Guild Brethren Of Glasgow 1573-1750,https://www.findmypast.co.uk/transcript?id=SCOT%2FBURGESS%2F0026021
Thomas,Glen,1580,Glasgow,Lanarkshire,Burgesses & Guild Brethren Of Glasgow 1573-1750,https://www.findmypast.co.uk/transcript?id=SCOT%2FBURGESS%2F0026020
James,Glencairn,1582-83,Glasgow,Lanarkshire,Burgesses & Guild Brethren Of Glasgow 1573-1750,https://www.findmypast.co.uk/transcript?id=SCOT%2FBURGESS%2F0026097
John,Gordon,1578,Glasgow,Lanarkshire,Burgesses & Guild Brethren Of Glasgow 1573-1750,https://www.findmypast.co.uk/transcript?id=SCOT%2FBURGESS%2F0026241
John,Govan,1596,Glasgow,Lanarkshire,Burgesses & Guild Brethren Of Glasgow 1573-1750,https://www.findmypast.co.uk/transcript?id=SCOT%2FBURGESS%2F0026317
William,Govan,1596,Glasgow,Lanarkshire,Burgesses & Guild Brethren Of Glasgow 1573-1750,https://www.findmypast.co.uk/transcript?id=SCOT%2FBURGESS%2F0026316
John,Govand,1589,Glasgow,Lanarkshire,Burgesses & Guild Brethren Of Glasgow 1573-1750,https://www.findmypast.co.uk/transcript?id=SCOT%2FBURGESS%2F0026345
John,Gowane,1578,Glasgow,Lanarkshire,Burgesses & Guild Brethren Of Glasgow 1573-1750,https://www.findmypast.co.uk/transcript?id=SCOT%2FBURGESS%2F0026390
John,Graham,1580,Glasgow,Lanarkshire,Burgesses & Guild Brethren Of Glasgow 1573-1750,https://www.findmypast.co.uk/transcript?id=SCOT%2FBURGESS%2F0026591
John,Graham,1583,Glasgow,Lanarkshire,List Of Provosts And Lords Provost Of Glasgow From 1450 To 1952,https://www.findmypast.co.uk/transcript?id=SCOT%2FBURGESS%2F1033793
Robert,Graham,1584-85,Glasgow,Lanarkshire,Burgesses & Guild Brethren Of Glasgow 1573-1750,https://www.findmypast.co.uk/transcript?id=SCOT%2FBURGESS%2F0026592
John,Grahame,1583,Glasgow,Lanarkshire,Burgesses & Guild Brethren Of Glasgow 1573-1750,https://www.findmypast.co.uk/transcript?id=SCOT%2FBURGESS%2F0026718
William,Grahameslaw,1576-77,Glasgow,Lanarkshire,Burgesses & Guild Brethren Of Glasgow 1573-1750,https://www.findmypast.co.uk/transcript?id=SCOT%2FBURGESS%2F0026726
Andrew,Gray,1589,Glasgow,Lanarkshire,Burgesses & Guild Brethren Of Glasgow 1573-1750,https://www.findmypast.co.uk/transcript?id=SCOT%2FBURGESS%2F0026962
Archibald,Gray,1574,Glasgow,Lanarkshire,Burgesses & Guild Brethren Of Glasgow 1573-1750,https://www.findmypast.co.uk/transcript?id=SCOT%2FBURGESS%2F0026952
David,Gray,1583-84,Glasgow,Lanarkshire,Burgesses & Guild Brethren Of Glasgow 1573-1750,https://www.findmypast.co.uk/transcript?id=SCOT%2FBURGESS%2F0026959
George,Gray,1582-83,Glasgow,Lanarkshire,Burgesses & Guild Brethren Of Glasgow 1573-1750,https://www.findmypast.co.uk/transcript?id=SCOT%2FBURGESS%2F0026958
James,Gray,1575-76,Glasgow,Lanarkshire,Burgesses & Guild Brethren Of Glasgow 1573-1750,https://www.findmypast.co.uk/transcript?id=SCOT%2FBURGESS%2F0026955
James,Gray,1581,Glasgow,Lanarkshire,Burgesses & Guild Brethren Of Glasgow 1573-1750,https://www.findmypast.co.uk/transcript?id=SCOT%2FBURGESS%2F0026957
John,Gray,1579,Glasgow,Lanarkshire,Burgesses & Guild Brethren Of Glasgow 1573-1750,https://www.findmypast.co.uk/transcript?id=SCOT%2FBURGESS%2F0026956
John,Gray,1589,Glasgow,Lanarkshire,Burgesses & Guild Brethren Of Glasgow 1573-1750,https://www.findmypast.co.uk/transcript?id=SCOT%2FBURGESS%2F0026961
Malcolm,Gray,1596-97,Glasgow,Lanarkshire,Burgesses & Guild Brethren Of Glasgow 1573-1750,https://www.findmypast.co.uk/transcript?id=SCOT%2FBURGESS%2F0026963
Robert,Gray,1574,Glasgow,Lanarkshire,Burgesses & Guild Brethren Of Glasgow 1573-1750,https://www.findmypast.co.uk/transcript?id=SCOT%2FBURGESS%2F0026953
Walter,Gray,1574,Glasgow,Lanarkshire,Burgesses & Guild Brethren Of Glasgow 1573-1750,https://www.findmypast.co.uk/transcript?id=SCOT%2FBURGESS%2F0026954
William,Gray,1585,Glasgow,Lanarkshire,Burgesses & Guild Brethren Of Glasgow 1573-1750,https://www.findmypast.co.uk/transcript?id=SCOT%2FBURGESS%2F0026960
Allan,Greenleis,1582-83,Glasgow,Lanarkshire,Burgesses & Guild Brethren Of Glasgow 1573-1750,https://www.findmypast.co.uk/transcript?id=SCOT%2FBURGESS%2F0027086
James,Greenleis,1582-83,Glasgow,Lanarkshire,Burgesses & Guild Brethren Of Glasgow 1573-1750,https://www.findmypast.co.uk/transcript?id=SCOT%2FBURGESS%2F0027085
John,Greynleis,1579,Glasgow,Lanarkshire,Burgesses & Guild Brethren Of Glasgow 1573-1750,https://www.findmypast.co.uk/transcript?id=SCOT%2FBURGESS%2F0027159
Robert,Greynleis,1574,Glasgow,Lanarkshire,Burgesses & Guild Brethren Of Glasgow 1573-1750,https://www.findmypast.co.uk/transcript?id=SCOT%2FBURGESS%2F0027158
Thomas,Gylmor,1595,Glasgow,Lanarkshire,Burgesses & Guild Brethren Of Glasgow 1573-1750,https://www.findmypast.co.uk/transcript?id=SCOT%2FBURGESS%2F0027297
James,Hall,1595,Glasgow,Lanarkshire,Burgesses & Guild Brethren Of Glasgow 1573-1750,https://www.findmypast.co.uk/transcript?id=SCOT%2FBURGESS%2F0027391
James,Hall,1595,Glasgow,Lanarkshire,Burgesses & Guild Brethren Of Glasgow 1573-1750,https://www.findmypast.co.uk/transcript?id=SCOT%2FBURGESS%2F0027390
John,Hall,1590,Glasgow,Lanarkshire,Burgesses & Guild Brethren Of Glasgow 1573-1750,https://www.findmypast.co.uk/transcript?id=SCOT%2FBURGESS%2F0027389
William,Hall,1579,Glasgow,Lanarkshire,Burgesses & Guild Brethren Of Glasgow 1573-1750,https://www.findmypast.co.uk/transcript?id=SCOT%2FBURGESS%2F0027388
Alexander,Hamilton,1596,Glasgow,Lanarkshire,Burgesses & Guild Brethren Of Glasgow 1573-1750,https://www.findmypast.co.uk/transcript?id=SCOT%2FBURGESS%2F0027662
Charles,Hamilton,1599,Glasgow,Lanarkshire,Burgesses & Guild Brethren Of Glasgow 1573-1750,https://www.findmypast.co.uk/transcript?id=SCOT%2FBURGESS%2F0027667
Gavin,Hamilton,1578,Glasgow,Lanarkshire,Burgesses & Guild Brethren Of Glasgow 1573-1750,https://www.findmypast.co.uk/transcript?id=SCOT%2FBURGESS%2F0027658
Gavin,Hamilton,1595,Glasgow,Lanarkshire,Burgesses & Guild Brethren Of Glasgow 1573-1750,https://www.findmypast.co.uk/transcript?id=SCOT%2FBURGESS%2F0027661
James,Hamilton,1575,Glasgow,Lanarkshire,Burgesses & Guild Brethren Of Glasgow 1573-1750,https://www.findmypast.co.uk/transcript?id=SCOT%2FBURGESS%2F0027654
James,Hamilton,1589-90,Glasgow,Lanarkshire,Burgesses & Guild Brethren Of Glasgow 1573-1750,https://www.findmypast.co.uk/transcript?id=SCOT%2FBURGESS%2F0027660
John,Hamilton,1576-77,Glasgow,Lanarkshire,Burgesses & Guild Brethren Of Glasgow 1573-1750,https://www.findmypast.co.uk/transcript?id=SCOT%2FBURGESS%2F0027657
John,Hamilton,1588,Glasgow,Lanarkshire,Burgesses & Guild Brethren Of Glasgow 1573-1750,https://www.findmypast.co.uk/transcript?id=SCOT%2FBURGESS%2F0027659
John,Hamilton,1597,Glasgow,Lanarkshire,Burgesses & Guild Brethren Of Glasgow 1573-1750,https://www.findmypast.co.uk/transcript?id=SCOT%2FBURGESS%2F0027664
John,Hamilton,1599,Glasgow,Lanarkshire,Burgesses & Guild Brethren Of Glasgow 1573-1750,https://www.findmypast.co.uk/transcript?id=SCOT%2FBURGESS%2F0027665
Robert,Hamilton,1576,Glasgow,Lanarkshire,Burgesses & Guild Brethren Of Glasgow 1573-1750,https://www.findmypast.co.uk/transcript?id=SCOT%2FBURGESS%2F0027656
Steyne,Hamilton,1575-76,Glasgow,Lanarkshire,Burgesses & Guild Brethren Of Glasgow 1573-1750,https://www.findmypast.co.uk/transcript?id=SCOT%2FBURGESS%2F0027655
Steyne,Hamilton,1599,Glasgow,Lanarkshire,Burgesses & Guild Brethren Of Glasgow 1573-1750,https://www.findmypast.co.uk/transcript?id=SCOT%2FBURGESS%2F0027666
Thomas,Hamilton,1596,Glasgow,Lanarkshire,Burgesses & Guild Brethren Of Glasgow 1573-1750,https://www.findmypast.co.uk/transcript?id=SCOT%2FBURGESS%2F0027663
David,Hamiltoune,1595,Glasgow,Lanarkshire,Burgesses & Guild Brethren Of Glasgow 1573-1750,https://www.findmypast.co.uk/transcript?id=SCOT%2FBURGESS%2F0027856
Thomas,Hannaye,1575-76,Glasgow,Lanarkshire,Burgesses & Guild Brethren Of Glasgow 1573-1750,https://www.findmypast.co.uk/transcript?id=SCOT%2FBURGESS%2F0027899
James,Harvie,1581,Glasgow,Lanarkshire,Burgesses & Guild Brethren Of Glasgow 1573-1750,https://www.findmypast.co.uk/transcript?id=SCOT%2FBURGESS%2F0028056
William,Harvy,1577,Glasgow,Lanarkshire,Burgesses & Guild Brethren Of Glasgow 1573-1750,https://www.findmypast.co.uk/transcript?id=SCOT%2FBURGESS%2F0028069
Alexander,Hay,1577,Glasgow,Lanarkshire,Burgesses & Guild Brethren Of Glasgow 1573-1750,https://www.findmypast.co.uk/transcript?id=SCOT%2FBURGESS%2F0028192
Andrew,Hay,1595,Glasgow,Lanarkshire,Burgesses & Guild Brethren Of Glasgow 1573-1750,https://www.findmypast.co.uk/transcript?id=SCOT%2FBURGESS%2F0028116
David,Hay,1598-99,Glasgow,Lanarkshire,Burgesses & Guild Brethren Of Glasgow 1573-1750,https://www.findmypast.co.uk/transcript?id=SCOT%2FBURGESS%2F0028193
John,Hay,1595,Glasgow,Lanarkshire,Burgesses & Guild Brethren Of Glasgow 1573-1750,https://www.findmypast.co.uk/transcript?id=SCOT%2FBURGESS%2F0028115
Alexander,Haye,1596,Glasgow,Lanarkshire,Burgesses & Guild Brethren Of Glasgow 1573-1750,https://www.findmypast.co.uk/transcript?id=SCOT%2FBURGESS%2F0028227
Gavin,Hepburn,1596,Glasgow,Lanarkshire,Burgesses & Guild Brethren Of Glasgow 1573-1750,https://www.findmypast.co.uk/transcript?id=SCOT%2FBURGESS%2F0028482
—,Herbertson,1589-90,Glasgow,Lanarkshire,Burgesses & Guild Brethren Of Glasgow 1573-1750,https://www.findmypast.co.uk/transcript?id=SCOT%2FBURGESS%2F0028517
Archibald,Herbertson,1595-96,Glasgow,Lanarkshire,Burgesses & Guild Brethren Of Glasgow 1573-1750,https://www.findmypast.co.uk/transcript?id=SCOT%2FBURGESS%2F0028518
George,Herbertson,1596,Glasgow,Lanarkshire,Burgesses & Guild Brethren Of Glasgow 1573-1750,https://www.findmypast.co.uk/transcript?id=SCOT%2FBURGESS%2F0028519
John,Herbertson,1585,Glasgow,Lanarkshire,Burgesses & Guild Brethren Of Glasgow 1573-1750,https://www.findmypast.co.uk/transcript?id=SCOT%2FBURGESS%2F0028516
Robert,Herbertson,1578,Glasgow,Lanarkshire,Burgesses & Guild Brethren Of Glasgow 1573-1750,https://www.findmypast.co.uk/transcript?id=SCOT%2FBURGESS%2F0028514
Robert,Herbertson,1583,Glasgow,Lanarkshire,Burgesses & Guild Brethren Of Glasgow 1573-1750,https://www.findmypast.co.uk/transcript?id=SCOT%2FBURGESS%2F0028515
Allan,Herbertsoun,1579,Glasgow,Lanarkshire,Burgesses & Guild Brethren Of Glasgow 1573-1750,https://www.findmypast.co.uk/transcript?id=SCOT%2FBURGESS%2F0028547
William,Hereot,1581,Glasgow,Lanarkshire,Burgesses & Guild Brethren Of Glasgow 1573-1750,https://www.findmypast.co.uk/transcript?id=SCOT%2FBURGESS%2F0028555
Archibald,Hereott,1594,Glasgow,Lanarkshire,Burgesses & Guild Brethren Of Glasgow 1573-1750,https://www.findmypast.co.uk/transcript?id=SCOT%2FBURGESS%2F0028557
Andrew,Heriot,1576,Glasgow,Lanarkshire,Burgesses & Guild Brethren Of Glasgow 1573-1750,https://www.findmypast.co.uk/transcript?id=SCOT%2FBURGESS%2F0028563
John,Heriot,1576,Glasgow,Lanarkshire,Burgesses & Guild Brethren Of Glasgow 1573-1750,https://www.findmypast.co.uk/transcript?id=SCOT%2FBURGESS%2F0028562
Michael,Hervie,1583,Glasgow,Lanarkshire,Burgesses & Guild Brethren Of Glasgow 1573-1750,https://www.findmypast.co.uk/transcript?id=SCOT%2FBURGESS%2F0028608
James,Hervy,1580,Glasgow,Lanarkshire,Burgesses & Guild Brethren Of Glasgow 1573-1750,https://www.findmypast.co.uk/transcript?id=SCOT%2FBURGESS%2F0028611
John,Heslet,1575,Glasgow,Lanarkshire,Burgesses & Guild Brethren Of Glasgow 1573-1750,https://www.findmypast.co.uk/transcript?id=SCOT%2FBURGESS%2F0028612
Steyne,Hill,1576,Glasgow,Lanarkshire,Burgesses & Guild Brethren Of Glasgow 1573-1750,https://www.findmypast.co.uk/transcript?id=SCOT%2FBURGESS%2F0028697
John,Hodge,1599,Glasgow,Lanarkshire,Burgesses & Guild Brethren Of Glasgow 1573-1750,https://www.findmypast.co.uk/transcript?id=SCOT%2FBURGESS%2F0028763
William,Hogiszarde,1596,Glasgow,Lanarkshire,Burgesses & Guild Brethren Of Glasgow 1573-1750,https://www.findmypast.co.uk/transcript?id=SCOT%2FBURGESS%2F0028843
John,Hornar,1576-77,Glasgow,Lanarkshire,Burgesses & Guild Brethren Of Glasgow 1573-1750,https://www.findmypast.co.uk/transcript?id=SCOT%2FBURGESS%2F0028995
John,Houstoune,1599,Glasgow,Lanarkshire,Burgesses & Guild Brethren Of Glasgow 1573-1750,https://www.findmypast.co.uk/transcript?id=SCOT%2FBURGESS%2F0029083
David,Howie,1583,Glasgow,Lanarkshire,Burgesses & Guild Brethren Of Glasgow 1573-1750,https://www.findmypast.co.uk/transcript?id=SCOT%2FBURGESS%2F0029129
Thomas,Howie,1584,Glasgow,Lanarkshire,Burgesses & Guild Brethren Of Glasgow 1573-1750,https://www.findmypast.co.uk/transcript?id=SCOT%2FBURGESS%2F0029130
Ninian,Hutchesoun,1583,Glasgow,Lanarkshire,Burgesses & Guild Brethren Of Glasgow 1573-1750,https://www.findmypast.co.uk/transcript?id=SCOT%2FBURGESS%2F0029362
John,Hutner,1595,Glasgow,Lanarkshire,Burgesses & Guild Brethren Of Glasgow 1573-1750,https://www.findmypast.co.uk/transcript?id=SCOT%2FBURGESS%2F0029418
John,Hutton,1599,Glasgow,Lanarkshire,Burgesses & Guild Brethren Of Glasgow 1573-1750,https://www.findmypast.co.uk/transcript?id=SCOT%2FBURGESS%2F0029425
—,Ilis,1579,Glasgow,Lanarkshire,Burgesses & Guild Brethren Of Glasgow 1573-1750,https://www.findmypast.co.uk/transcript?id=SCOT%2FBURGESS%2F0029441
Gilbert,Inglis,1584-85,Glasgow,Lanarkshire,Burgesses & Guild Brethren Of Glasgow 1573-1750,https://www.findmypast.co.uk/transcript?id=SCOT%2FBURGESS%2F0029476
Gilbert,Inglis,1596,Glasgow,Lanarkshire,Burgesses & Guild Brethren Of Glasgow 1573-1750,https://www.findmypast.co.uk/transcript?id=SCOT%2FBURGESS%2F0029477
Andrew,Jak,1581,Glasgow,Lanarkshire,Burgesses & Guild Brethren Of Glasgow 1573-1750,https://www.findmypast.co.uk/transcript?id=SCOT%2FBURGESS%2F0029719
William,Jakis,1577,Glasgow,Lanarkshire,Burgesses & Guild Brethren Of Glasgow 1573-1750,https://www.findmypast.co.uk/transcript?id=SCOT%2FBURGESS%2F0029720
John,Jamesoun,1579,Glasgow,Lanarkshire,Burgesses & Guild Brethren Of Glasgow 1573-1750,https://www.findmypast.co.uk/transcript?id=SCOT%2FBURGESS%2F0029735
James,Jamesoune,1596,Glasgow,Lanarkshire,Burgesses & Guild Brethren Of Glasgow 1573-1750,https://www.findmypast.co.uk/transcript?id=SCOT%2FBURGESS%2F0029741
Robert,Jamesoune,1598,Glasgow,Lanarkshire,Burgesses & Guild Brethren Of Glasgow 1573-1750,https://www.findmypast.co.uk/transcript?id=SCOT%2FBURGESS%2F0029742
John,Jamieson,1588-89,Glasgow,Lanarkshire,Burgesses & Guild Brethren Of Glasgow 1573-1750,https://www.findmypast.co.uk/transcript?id=SCOT%2FBURGESS%2F0029791
John,Jape,1584,Glasgow,Lanarkshire,Burgesses & Guild Brethren Of Glasgow 1573-1750,https://www.findmypast.co.uk/transcript?id=SCOT%2FBURGESS%2F0029822
John,Jeinkein,1584,Glasgow,Lanarkshire,Burgesses & Guild Brethren Of Glasgow 1573-1750,https://www.findmypast.co.uk/transcript?id=SCOT%2FBURGESS%2F0029852
Wilson,John,1586,Glasgow,Lanarkshire,Burgesses & Guild Brethren Of Glasgow 1573-1750,https://www.findmypast.co.uk/transcript?id=SCOT%2FBURGESS%2F0029868
Robert,Johnson,1574,Glasgow,Lanarkshire,Burgesses & Guild Brethren Of Glasgow 1573-1750,https://www.findmypast.co.uk/transcript?id=SCOT%2FBURGESS%2F0029877
Thomas,Johnston,1584,Glasgow,Lanarkshire,Burgesses & Guild Brethren Of Glasgow 1573-1750,https://www.findmypast.co.uk/transcript?id=SCOT%2FBURGESS%2F0029943
James,Johnstone Alias Schellis,1595-96,Glasgow,Lanarkshire,Burgesses & Guild Brethren Of Glasgow 1573-1750,https://www.findmypast.co.uk/transcript?id=SCOT%2FBURGESS%2F0030028
Robert,Johnstoun,1583,Glasgow,Lanarkshire,Burgesses & Guild Brethren Of Glasgow 1573-1750,https://www.findmypast.co.uk/transcript?id=SCOT%2FBURGESS%2F0030031
James,King,1596,Glasgow,Lanarkshire,Burgesses & Guild Brethren Of Glasgow 1573-1750,https://www.findmypast.co.uk/transcript?id=SCOT%2FBURGESS%2F0030481
James,King,1596,Glasgow,Lanarkshire,Burgesses & Guild Brethren Of Glasgow 1573-1750,https://www.findmypast.co.uk/transcript?id=SCOT%2FBURGESS%2F0030482
Robert,King,1584,Glasgow,Lanarkshire,Burgesses & Guild Brethren Of Glasgow 1573-1750,https://www.findmypast.co.uk/transcript?id=SCOT%2FBURGESS%2F0030479
Walter,King,1595,Glasgow,Lanarkshire,Burgesses & Guild Brethren Of Glasgow 1573-1750,https://www.findmypast.co.uk/transcript?id=SCOT%2FBURGESS%2F0030480
William,Kinloch,1594-95,Glasgow,Lanarkshire,Burgesses & Guild Brethren Of Glasgow 1573-1750,https://www.findmypast.co.uk/transcript?id=SCOT%2FBURGESS%2F0030540
Allan,Kirkland,1576,Glasgow,Lanarkshire,Burgesses & Guild Brethren Of Glasgow 1573-1750,https://www.findmypast.co.uk/transcript?id=SCOT%2FBURGESS%2F0030613
Richard,Kirkland,1595,Glasgow,Lanarkshire,Incorporation Of Weavers Of Glasgow Past Deacons,https://www.findmypast.co.uk/transcript?id=SCOT%2FBURGESS%2F1034516
Richard,Kirkland,1597,Glasgow,Lanarkshire,Incorporation Of Weavers Of Glasgow Past Deacons,https://www.findmypast.co.uk/transcript?id=SCOT%2FBURGESS%2F1034517
Richard,Kirkland,1598,Glasgow,Lanarkshire,Incorporation Of Weavers Of Glasgow Past Deacons,https://www.findmypast.co.uk/transcript?id=SCOT%2FBURGESS%2F1034518
Richard,Kirkland,1599,Glasgow,Lanarkshire,Incorporation Of Weavers Of Glasgow Past Deacons,https://www.findmypast.co.uk/transcript?id=SCOT%2FBURGESS%2F1034519
William,Kirkland,1588,Glasgow,Lanarkshire,Burgesses & Guild Brethren Of Glasgow 1573-1750,https://www.findmypast.co.uk/transcript?id=SCOT%2FBURGESS%2F0030614
George,Kirklane,1599,Glasgow,Lanarkshire,Burgesses & Guild Brethren Of Glasgow 1573-1750,https://www.findmypast.co.uk/transcript?id=SCOT%2FBURGESS%2F0030637
John,Kirkuod,1577,Glasgow,Lanarkshire,Burgesses & Guild Brethren Of Glasgow 1573-1750,https://www.findmypast.co.uk/transcript?id=SCOT%2FBURGESS%2F0030643
John,Kirkwood,1575,Glasgow,Lanarkshire,Burgesses & Guild Brethren Of Glasgow 1573-1750,https://www.findmypast.co.uk/transcript?id=SCOT%2FBURGESS%2F0030660
John,Kirkwood,1590,Glasgow,Lanarkshire,Burgesses & Guild Brethren Of Glasgow 1573-1750,https://www.findmypast.co.uk/transcript?id=SCOT%2FBURGESS%2F0030661
James,Kneland,1582,Glasgow,Lanarkshire,Burgesses & Guild Brethren Of Glasgow 1573-1750,https://www.findmypast.co.uk/transcript?id=SCOT%2FBURGESS%2F0030690
John,Kneland,1583-84,Glasgow,Lanarkshire,Burgesses & Guild Brethren Of Glasgow 1573-1750,https://www.findmypast.co.uk/transcript?id=SCOT%2FBURGESS%2F0030691
Thomas,Kneland,1582,Glasgow,Lanarkshire,Burgesses & Guild Brethren Of Glasgow 1573-1750,https://www.findmypast.co.uk/transcript?id=SCOT%2FBURGESS%2F0030689
William,Kneland,1574,Glasgow,Lanarkshire,Burgesses & Guild Brethren Of Glasgow 1573-1750,https://www.findmypast.co.uk/transcript?id=SCOT%2FBURGESS%2F0030688
Adam,Knok,1599,Glasgow,Lanarkshire,Burgesses & Guild Brethren Of Glasgow 1573-1750,https://www.findmypast.co.uk/transcript?id=SCOT%2FBURGESS%2F0030702
J S,Knox,—,Glasgow,Lanarkshire,"Incorporation Of Wrights, Glasgow, 1900",https://www.findmypast.co.uk/transcript?id=SCOT%2FBURGESS%2F0054989
Marcus,Knox,1585,Glasgow,Lanarkshire,Burgesses & Guild Brethren Of Glasgow 1573-1750,https://www.findmypast.co.uk/transcript?id=SCOT%2FBURGESS%2F0030724
John,Kyle,1588,Glasgow,Lanarkshire,Burgesses & Guild Brethren Of Glasgow 1573-1750,https://www.findmypast.co.uk/transcript?id=SCOT%2FBURGESS%2F0030765
Robert,Laing,1598-99,Glasgow,Lanarkshire,Burgesses & Guild Brethren Of Glasgow 1573-1750,https://www.findmypast.co.uk/transcript?id=SCOT%2FBURGESS%2F0030792
George,Lamb,—,Glasgow,Lanarkshire,"Incorporation Of Wrights, Glasgow, 1900",https://www.findmypast.co.uk/transcript?id=SCOT%2FBURGESS%2F0055052
John,Landles,1583,Glasgow,Lanarkshire,Burgesses & Guild Brethren Of Glasgow 1573-1750,https://www.findmypast.co.uk/transcript?id=SCOT%2FBURGESS%2F0030846
Andrew,Lang,1577,Glasgow,Lanarkshire,Burgesses & Guild Brethren Of Glasgow 1573-1750,https://www.findmypast.co.uk/transcript?id=SCOT%2FBURGESS%2F0030907
George,Lang,1585,Glasgow,Lanarkshire,Burgesses & Guild Brethren Of Glasgow 1573-1750,https://www.findmypast.co.uk/transcript?id=SCOT%2FBURGESS%2F0030909
Walter,Lang,1585,Glasgow,Lanarkshire,Burgesses & Guild Brethren Of Glasgow 1573-1750,https://www.findmypast.co.uk/transcript?id=SCOT%2FBURGESS%2F0030908
Robert,Lanrig,1584,Glasgow,Lanarkshire,Burgesses & Guild Brethren Of Glasgow 1573-1750,https://www.findmypast.co.uk/transcript?id=SCOT%2FBURGESS%2F0030991
James,Law,1581,Glasgow,Lanarkshire,Burgesses & Guild Brethren Of Glasgow 1573-1750,https://www.findmypast.co.uk/transcript?id=SCOT%2FBURGESS%2F0031054
James,Law,1599,Glasgow,Lanarkshire,Burgesses & Guild Brethren Of Glasgow 1573-1750,https://www.findmypast.co.uk/transcript?id=SCOT%2FBURGESS%2F0031056
John,Law,1574,Glasgow,Lanarkshire,Burgesses & Guild Brethren Of Glasgow 1573-1750,https://www.findmypast.co.uk/transcript?id=SCOT%2FBURGESS%2F0031053
Thomas,Law,1599,Glasgow,Lanarkshire,Burgesses & Guild Brethren Of Glasgow 1573-1750,https://www.findmypast.co.uk/transcript?id=SCOT%2FBURGESS%2F0031055
George,Layng,1578,Glasgow,Lanarkshire,Burgesses & Guild Brethren Of Glasgow 1573-1750,https://www.findmypast.co.uk/transcript?id=SCOT%2FBURGESS%2F0031149
Andrew,Lecky,1578-79,Glasgow,Lanarkshire,Burgesses & Guild Brethren Of Glasgow 1573-1750,https://www.findmypast.co.uk/transcript?id=SCOT%2FBURGESS%2F0031216
John,Legait,1575,Glasgow,Lanarkshire,Burgesses & Guild Brethren Of Glasgow 1573-1750,https://www.findmypast.co.uk/transcript?id=SCOT%2FBURGESS%2F0031253
Archibald,Legate,1574,Glasgow,Lanarkshire,Burgesses & Guild Brethren Of Glasgow 1573-1750,https://www.findmypast.co.uk/transcript?id=SCOT%2FBURGESS%2F0031266
Duncan,Leiche,1596,Glasgow,Lanarkshire,Burgesses & Guild Brethren Of Glasgow 1573-1750,https://www.findmypast.co.uk/transcript?id=SCOT%2FBURGESS%2F0031271
James,Leicheman,1596,Glasgow,Lanarkshire,Burgesses & Guild Brethren Of Glasgow 1573-1750,https://www.findmypast.co.uk/transcript?id=SCOT%2FBURGESS%2F0031272
John,Leitch,1599,Glasgow,Lanarkshire,Burgesses & Guild Brethren Of Glasgow 1573-1750,https://www.findmypast.co.uk/transcript?id=SCOT%2FBURGESS%2F0031309
John,Lekprewik,1578,Glasgow,Lanarkshire,Burgesses & Guild Brethren Of Glasgow 1573-1750,https://www.findmypast.co.uk/transcript?id=SCOT%2FBURGESS%2F0031336
Lekprivik,Lekprivik,1594,Glasgow,Lanarkshire,Burgesses & Guild Brethren Of Glasgow 1573-1750,https://www.findmypast.co.uk/transcript?id=SCOT%2FBURGESS%2F0031338
James,Lennix,1575,Glasgow,Lanarkshire,Burgesses & Guild Brethren Of Glasgow 1573-1750,https://www.findmypast.co.uk/transcript?id=SCOT%2FBURGESS%2F0031339
Esme,Lennox,1581,Glasgow,Lanarkshire,Burgesses & Guild Brethren Of Glasgow 1573-1750,https://www.findmypast.co.uk/transcript?id=SCOT%2FBURGESS%2F0031340
Robert,Lennox,1578,Glasgow,Lanarkshire,Burgesses & Guild Brethren Of Glasgow 1573-1750,https://www.findmypast.co.uk/transcript?id=SCOT%2FBURGESS%2F0031342
Archibald,Lenzies,1574,Glasgow,Lanarkshire,Burgesses & Guild Brethren Of Glasgow 1573-1750,https://www.findmypast.co.uk/transcript?id=SCOT%2FBURGESS%2F0031375
Alexander,Leuingstoun,1584,Glasgow,Lanarkshire,Burgesses & Guild Brethren Of Glasgow 1573-1750,https://www.findmypast.co.uk/transcript?id=SCOT%2FBURGESS%2F0031429
William,Leuingstoun,1584,Glasgow,Lanarkshire,Burgesses & Guild Brethren Of Glasgow 1573-1750,https://www.findmypast.co.uk/transcript?id=SCOT%2FBURGESS%2F0031428
William,Leuingstoun,1584,Glasgow,Lanarkshire,Burgesses & Guild Brethren Of Glasgow 1573-1750,https://www.findmypast.co.uk/transcript?id=SCOT%2FBURGESS%2F0031427
Patrick,Levenox,1598-99,Glasgow,Lanarkshire,Burgesses & Guild Brethren Of Glasgow 1573-1750,https://www.findmypast.co.uk/transcript?id=SCOT%2FBURGESS%2F0031432
William,Leyss,1580-81,Glasgow,Lanarkshire,Burgesses & Guild Brethren Of Glasgow 1573-1750,https://www.findmypast.co.uk/transcript?id=SCOT%2FBURGESS%2F0031445
Alexander,Lindsay,1575,Glasgow,Lanarkshire,Burgesses & Guild Brethren Of Glasgow 1573-1750,https://www.findmypast.co.uk/transcript?id=SCOT%2FBURGESS%2F0031581
James,Lindsay,1582,Glasgow,Lanarkshire,Burgesses & Guild Brethren Of Glasgow 1573-1750,https://www.findmypast.co.uk/transcript?id=SCOT%2FBURGESS%2F0031582
Robert,Lindsay,1559,Glasgow,Lanarkshire,List Of Provosts And Lords Provost Of Glasgow From 1450 To 1952,https://www.findmypast.co.uk/transcript?id=SCOT%2FBURGESS%2F1034766
Thomas,Lindsaye,1580,Glasgow,Lanarkshire,Burgesses & Guild Brethren Of Glasgow 1573-1750,https://www.findmypast.co.uk/transcript?id=SCOT%2FBURGESS%2F0031613
Gabriel,Listoun,1588-89,Glasgow,Lanarkshire,Burgesses & Guild Brethren Of Glasgow 1573-1750,https://www.findmypast.co.uk/transcript?id=SCOT%2FBURGESS%2F0031642
Gavin,Litilihonne,1581,Glasgow,Lanarkshire,Burgesses & Guild Brethren Of Glasgow 1573-1750,https://www.findmypast.co.uk/transcript?id=SCOT%2FBURGESS%2F0031656
William,Litiliohoun,1585,Glasgow,Lanarkshire,Burgesses & Guild Brethren Of Glasgow 1573-1750,https://www.findmypast.co.uk/transcript?id=SCOT%2FBURGESS%2F0031657
Donald,Litiliohune,1583,Glasgow,Lanarkshire,Burgesses & Guild Brethren Of Glasgow 1573-1750,https://www.findmypast.co.uk/transcript?id=SCOT%2FBURGESS%2F0031658
William,Litiljohn,1580,Glasgow,Lanarkshire,Burgesses & Guild Brethren Of Glasgow 1573-1750,https://www.findmypast.co.uk/transcript?id=SCOT%2FBURGESS%2F0031659
Michael,Litiljohne,1575-76,Glasgow,Lanarkshire,Burgesses & Guild Brethren Of Glasgow 1573-1750,https://www.findmypast.co.uk/transcript?id=SCOT%2FBURGESS%2F0031660
William,Livingstone,1584,Glasgow,Lanarkshire,List Of Provosts And Lords Provost Of Glasgow From 1450 To 1952,https://www.findmypast.co.uk/transcript?id=SCOT%2FBURGESS%2F1034799
William,Livingstone,1599,Glasgow,Lanarkshire,Burgesses & Guild Brethren Of Glasgow 1573-1750,https://www.findmypast.co.uk/transcript?id=SCOT%2FBURGESS%2F0031695
John,Loch,1589,Glasgow,Lanarkshire,Burgesses & Guild Brethren Of Glasgow 1573-1750,https://www.findmypast.co.uk/transcript?id=SCOT%2FBURGESS%2F0031705
James,Lochheid,1594,Glasgow,Lanarkshire,Burgesses & Guild Brethren Of Glasgow 1573-1750,https://www.findmypast.co.uk/transcript?id=SCOT%2FBURGESS%2F0031750
John,Logan,1579,Glasgow,Lanarkshire,Burgesses & Guild Brethren Of Glasgow 1573-1750,https://www.findmypast.co.uk/transcript?id=SCOT%2FBURGESS%2F0031843
William,Logan,1599,Glasgow,Lanarkshire,Burgesses & Guild Brethren Of Glasgow 1573-1750,https://www.findmypast.co.uk/transcript?id=SCOT%2FBURGESS%2F0031844
John,Lok,1596,Glasgow,Lanarkshire,Burgesses & Guild Brethren Of Glasgow 1573-1750,https://www.findmypast.co.uk/transcript?id=SCOT%2FBURGESS%2F0031874
Archibald,Lorymeir,1574,Glasgow,Lanarkshire,Burgesses & Guild Brethren Of Glasgow 1573-1750,https://www.findmypast.co.uk/transcript?id=SCOT%2FBURGESS%2F0031895
John,Louk,1582,Glasgow,Lanarkshire,Burgesses & Guild Brethren Of Glasgow 1573-1750,https://www.findmypast.co.uk/transcript?id=SCOT%2FBURGESS%2F0031923
John,Louk,1584-85,Glasgow,Lanarkshire,Burgesses & Guild Brethren Of Glasgow 1573-1750,https://www.findmypast.co.uk/transcript?id=SCOT%2FBURGESS%2F0031924
Peter,Low,1598-99,Glasgow,Lanarkshire,Burgesses & Guild Brethren Of Glasgow 1573-1750,https://www.findmypast.co.uk/transcript?id=SCOT%2FBURGESS%2F0031973
Michael,Lowtheane,1574,Glasgow,Lanarkshire,Burgesses & Guild Brethren Of Glasgow 1573-1750,https://www.findmypast.co.uk/transcript?id=SCOT%2FBURGESS%2F0032007
Andrew,Luif,1593,Glasgow,Lanarkshire,Incorporation Of Skinners Of Glasgow Past Deacons & Collectors,https://www.findmypast.co.uk/transcript?id=SCOT%2FBURGESS%2F1034857
Andrew,Luif,1595,Glasgow,Lanarkshire,Incorporation Of Skinners Of Glasgow Past Deacons & Collectors,https://www.findmypast.co.uk/transcript?id=SCOT%2FBURGESS%2F1034858
John,Luife,1565,Glasgow,Lanarkshire,Incorporation Of Skinners Of Glasgow Past Deacons & Collectors,https://www.findmypast.co.uk/transcript?id=SCOT%2FBURGESS%2F1034866
John,Luife,1577,Glasgow,Lanarkshire,Incorporation Of Skinners Of Glasgow Past Deacons & Collectors,https://www.findmypast.co.uk/transcript?id=SCOT%2FBURGESS%2F1034867
John,Luiff,1595,Glasgow,Lanarkshire,Burgesses & Guild Brethren Of Glasgow 1573-1750,https://www.findmypast.co.uk/transcript?id=SCOT%2FBURGESS%2F0032028
David,Lyill,1577,Glasgow,Lanarkshire,Burgesses & Guild Brethren Of Glasgow 1573-1750,https://www.findmypast.co.uk/transcript?id=SCOT%2FBURGESS%2F0032089
John,Lyndsaye,1581,Glasgow,Lanarkshire,Burgesses & Guild Brethren Of Glasgow 1573-1750,https://www.findmypast.co.uk/transcript?id=SCOT%2FBURGESS%2F0032133
John,Lyndsaye,1596,Glasgow,Lanarkshire,Burgesses & Guild Brethren Of Glasgow 1573-1750,https://www.findmypast.co.uk/transcript?id=SCOT%2FBURGESS%2F0032134
Robert,Lynlytgow,1599,Glasgow,Lanarkshire,Burgesses & Guild Brethren Of Glasgow 1573-1750,https://www.findmypast.co.uk/transcript?id=SCOT%2FBURGESS%2F0032137
William,Lyntoune,1599,Glasgow,Lanarkshire,Burgesses & Guild Brethren Of Glasgow 1573-1750,https://www.findmypast.co.uk/transcript?id=SCOT%2FBURGESS%2F0032140
George,Lyon,1584,Glasgow,Lanarkshire,Burgesses & Guild Brethren Of Glasgow 1573-1750,https://www.findmypast.co.uk/transcript?id=SCOT%2FBURGESS%2F0032158
Andrew,Lyonn,1590,Glasgow,Lanarkshire,Burgesses & Guild Brethren Of Glasgow 1573-1750,https://www.findmypast.co.uk/transcript?id=SCOT%2FBURGESS%2F0032167
James,Macfarlane,—,Glasgow,Lanarkshire,"Incorporation Of Bakers Of Glasgow, 1931",https://www.findmypast.co.uk/transcript?id=SCOT%2FBURGESS%2F0055755
Archibald,Macgregor,1580,Glasgow,Lanarkshire,Burgesses & Guild Brethren Of Glasgow 1573-1750,https://www.findmypast.co.uk/transcript?id=SCOT%2FBURGESS%2F0032253
Robert,Mackildowny,1573-74,Glasgow,Lanarkshire,Burgesses & Guild Brethren Of Glasgow 1573-1750,https://www.findmypast.co.uk/transcript?id=SCOT%2FBURGESS%2F0032324
Donald,Mackynne,1581,Glasgow,Lanarkshire,Burgesses & Guild Brethren Of Glasgow 1573-1750,https://www.findmypast.co.uk/transcript?id=SCOT%2FBURGESS%2F0032337
David,Mackynneis,1578,Glasgow,Lanarkshire,Burgesses & Guild Brethren Of Glasgow 1573-1750,https://www.findmypast.co.uk/transcript?id=SCOT%2FBURGESS%2F0032338
John,Mackynneis,1578,Glasgow,Lanarkshire,Burgesses & Guild Brethren Of Glasgow 1573-1750,https://www.findmypast.co.uk/transcript?id=SCOT%2FBURGESS%2F0032339
Normant,Mackynneis,1578,Glasgow,Lanarkshire,Burgesses & Guild Brethren Of Glasgow 1573-1750,https://www.findmypast.co.uk/transcript?id=SCOT%2FBURGESS%2F0032340
John,Madir,1577,Glasgow,Lanarkshire,Burgesses & Guild Brethren Of Glasgow 1573-1750,https://www.findmypast.co.uk/transcript?id=SCOT%2FBURGESS%2F0032384
Thomas,Madir,1583,Glasgow,Lanarkshire,Burgesses & Guild Brethren Of Glasgow 1573-1750,https://www.findmypast.co.uk/transcript?id=SCOT%2FBURGESS%2F0032385
Patrick,Mailyinnie,1584,Glasgow,Lanarkshire,Burgesses & Guild Brethren Of Glasgow 1573-1750,https://www.findmypast.co.uk/transcript?id=SCOT%2FBURGESS%2F0032403
Thomas,Makclayis,1578,Glasgow,Lanarkshire,Burgesses & Guild Brethren Of Glasgow 1573-1750,https://www.findmypast.co.uk/transcript?id=SCOT%2FBURGESS%2F0032464
Donald,Makildullour,1577,Glasgow,Lanarkshire,Burgesses & Guild Brethren Of Glasgow 1573-1750,https://www.findmypast.co.uk/transcript?id=SCOT%2FBURGESS%2F0032468
Ninian,Makilhattane,1579,Glasgow,Lanarkshire,Burgesses & Guild Brethren Of Glasgow 1573-1750,https://www.findmypast.co.uk/transcript?id=SCOT%2FBURGESS%2F0032469
George,Malcolm,1588-89,Glasgow,Lanarkshire,Burgesses & Guild Brethren Of Glasgow 1573-1750,https://www.findmypast.co.uk/transcript?id=SCOT%2FBURGESS%2F0032487
William,Malynnie,1575,Glasgow,Lanarkshire,Burgesses & Guild Brethren Of Glasgow 1573-1750,https://www.findmypast.co.uk/transcript?id=SCOT%2FBURGESS%2F0032512
John,Mar,1599,Glasgow,Lanarkshire,Burgesses & Guild Brethren Of Glasgow 1573-1750,https://www.findmypast.co.uk/transcript?id=SCOT%2FBURGESS%2F0032552
Allan,Marschell,1599,Glasgow,Lanarkshire,Burgesses & Guild Brethren Of Glasgow 1573-1750,https://www.findmypast.co.uk/transcript?id=SCOT%2FBURGESS%2F0032574
George,Martene,1578,Glasgow,Lanarkshire,Burgesses & Guild Brethren Of Glasgow 1573-1750,https://www.findmypast.co.uk/transcript?id=SCOT%2FBURGESS%2F0032697
Patric,Masmyth,1579,Glasgow,Lanarkshire,Burgesses & Guild Brethren Of Glasgow 1573-1750,https://www.findmypast.co.uk/transcript?id=SCOT%2FBURGESS%2F0032751
Symoun,Masoun,1589,Glasgow,Lanarkshire,Burgesses & Guild Brethren Of Glasgow 1573-1750,https://www.findmypast.co.uk/transcript?id=SCOT%2FBURGESS%2F0032774
Henry,Mathew,1579-80,Glasgow,Lanarkshire,Burgesses & Guild Brethren Of Glasgow 1573-1750,https://www.findmypast.co.uk/transcript?id=SCOT%2FBURGESS%2F0032797
James,Mathie,1582,Glasgow,Lanarkshire,Burgesses & Guild Brethren Of Glasgow 1573-1750,https://www.findmypast.co.uk/transcript?id=SCOT%2FBURGESS%2F0032809
John,Mathie,1582-83,Glasgow,Lanarkshire,Burgesses & Guild Brethren Of Glasgow 1573-1750,https://www.findmypast.co.uk/transcript?id=SCOT%2FBURGESS%2F0032810
Daniel,Maxwell,1595,Glasgow,Lanarkshire,Burgesses & Guild Brethren Of Glasgow 1573-1750,https://www.findmypast.co.uk/transcript?id=SCOT%2FBURGESS%2F0032925
John,Maxwell,1583,Glasgow,Lanarkshire,Burgesses & Guild Brethren Of Glasgow 1573-1750,https://www.findmypast.co.uk/transcript?id=SCOT%2FBURGESS%2F0032922
Robert,Maxwell,1584-85,Glasgow,Lanarkshire,Burgesses & Guild Brethren Of Glasgow 1573-1750,https://www.findmypast.co.uk/transcript?id=SCOT%2FBURGESS%2F0032923
Robert,Maxwell,1594,Glasgow,Lanarkshire,Burgesses & Guild Brethren Of Glasgow 1573-1750,https://www.findmypast.co.uk/transcript?id=SCOT%2FBURGESS%2F0032924
William,Maxwell,1581,Glasgow,Lanarkshire,Burgesses & Guild Brethren Of Glasgow 1573-1750,https://www.findmypast.co.uk/transcript?id=SCOT%2FBURGESS%2F0032921
Alexander,Mayne,1599,Glasgow,Lanarkshire,Burgesses & Guild Brethren Of Glasgow 1573-1750,https://www.findmypast.co.uk/transcript?id=SCOT%2FBURGESS%2F0033022
James,Mayne,1588-89,Glasgow,Lanarkshire,Burgesses & Guild Brethren Of Glasgow 1573-1750,https://www.findmypast.co.uk/transcript?id=SCOT%2FBURGESS%2F0033021
Thomas,McCaskie,1588-89,Glasgow,Lanarkshire,Burgesses & Guild Brethren Of Glasgow 1573-1750,https://www.findmypast.co.uk/transcript?id=SCOT%2FBURGESS%2F0033428
Duncan,McCleiche,1589,Glasgow,Lanarkshire,Burgesses & Guild Brethren Of Glasgow 1573-1750,https://www.findmypast.co.uk/transcript?id=SCOT%2FBURGESS%2F0033489
Allan,McCowle,1579,Glasgow,Lanarkshire,Burgesses & Guild Brethren Of Glasgow 1573-1750,https://www.findmypast.co.uk/transcript?id=SCOT%2FBURGESS%2F0033560
Thomas,McCulloch,1583,Glasgow,Lanarkshire,Burgesses & Guild Brethren Of Glasgow 1573-1750,https://www.findmypast.co.uk/transcript?id=SCOT%2FBURGESS%2F0033648
Andrew,McFarlane,1577,Glasgow,Lanarkshire,Burgesses & Guild Brethren Of Glasgow 1573-1750,https://www.findmypast.co.uk/transcript?id=SCOT%2FBURGESS%2F0033991
John,McGregor,1582,Glasgow,Lanarkshire,Burgesses & Guild Brethren Of Glasgow 1573-1750,https://www.findmypast.co.uk/transcript?id=SCOT%2FBURGESS%2F0034160
Duncan,McKellar,1583,Glasgow,Lanarkshire,Burgesses & Guild Brethren Of Glasgow 1573-1750,https://www.findmypast.co.uk/transcript?id=SCOT%2FBURGESS%2F0034391
Thomas,McMillan,1596,Glasgow,Lanarkshire,Burgesses & Guild Brethren Of Glasgow 1573-1750,https://www.findmypast.co.uk/transcript?id=SCOT%2FBURGESS%2F0034893
Thomas,McNair,1599,Glasgow,Lanarkshire,Burgesses & Guild Brethren Of Glasgow 1573-1750,https://www.findmypast.co.uk/transcript?id=SCOT%2FBURGESS%2F0034973
John,Merschell,1588,Glasgow,Lanarkshire,Burgesses & Guild Brethren Of Glasgow 1573-1750,https://www.findmypast.co.uk/transcript?id=SCOT%2FBURGESS%2F0035326
Robert,Merschell,1584,Glasgow,Lanarkshire,Burgesses & Guild Brethren Of Glasgow 1573-1750,https://www.findmypast.co.uk/transcript?id=SCOT%2FBURGESS%2F0035325
Thomas,Merschell,1583,Glasgow,Lanarkshire,Burgesses & Guild Brethren Of Glasgow 1573-1750,https://www.findmypast.co.uk/transcript?id=SCOT%2FBURGESS%2F0035324
James,Michell,1576,Glasgow,Lanarkshire,Burgesses & Guild Brethren Of Glasgow 1573-1750,https://www.findmypast.co.uk/transcript?id=SCOT%2FBURGESS%2F0035366
William,Michell,1585,Glasgow,Lanarkshire,Burgesses & Guild Brethren Of Glasgow 1573-1750,https://www.findmypast.co.uk/transcript?id=SCOT%2FBURGESS%2F0035367
Andrew,Millar,1577,Glasgow,Lanarkshire,Burgesses & Guild Brethren Of Glasgow 1573-1750,https://www.findmypast.co.uk/transcript?id=SCOT%2FBURGESS%2F0035431
William,Millar,1577-78,Glasgow,Lanarkshire,Burgesses & Guild Brethren Of Glasgow 1573-1750,https://www.findmypast.co.uk/transcript?id=SCOT%2FBURGESS%2F0035432
William,Millar,1577,Glasgow,Lanarkshire,Burgesses & Guild Brethren Of Glasgow 1573-1750,https://www.findmypast.co.uk/transcript?id=SCOT%2FBURGESS%2F0035430
William,Millar,1578-79,Glasgow,Lanarkshire,Burgesses & Guild Brethren Of Glasgow 1573-1750,https://www.findmypast.co.uk/transcript?id=SCOT%2FBURGESS%2F0035433
Andrew,Miller,1583,Glasgow,Lanarkshire,Burgesses & Guild Brethren Of Glasgow 1573-1750,https://www.findmypast.co.uk/transcript?id=SCOT%2FBURGESS%2F0035638
Andrew,Miller,1599,Glasgow,Lanarkshire,Burgesses & Guild Brethren Of Glasgow 1573-1750,https://www.findmypast.co.uk/transcript?id=SCOT%2FBURGESS%2F0035641
John,Miller,1583,Glasgow,Lanarkshire,Burgesses & Guild Brethren Of Glasgow 1573-1750,https://www.findmypast.co.uk/transcript?id=SCOT%2FBURGESS%2F0035639
Robert,Miller,1595-96,Glasgow,Lanarkshire,Burgesses & Guild Brethren Of Glasgow 1573-1750,https://www.findmypast.co.uk/transcript?id=SCOT%2FBURGESS%2F0035640
William,Miller,1582-83,Glasgow,Lanarkshire,Burgesses & Guild Brethren Of Glasgow 1573-1750,https://www.findmypast.co.uk/transcript?id=SCOT%2FBURGESS%2F0035637
John,Mitchell,1580,Glasgow,Lanarkshire,Burgesses & Guild Brethren Of Glasgow 1573-1750,https://www.findmypast.co.uk/transcript?id=SCOT%2FBURGESS%2F0035917
Michael,Mitchell,1599,Glasgow,Lanarkshire,Burgesses & Guild Brethren Of Glasgow 1573-1750,https://www.findmypast.co.uk/transcript?id=SCOT%2FBURGESS%2F0035921
Robert,Mitchell,1583,Glasgow,Lanarkshire,Burgesses & Guild Brethren Of Glasgow 1573-1750,https://www.findmypast.co.uk/transcript?id=SCOT%2FBURGESS%2F0035918
Robert,Mitchell,1596,Glasgow,Lanarkshire,Burgesses & Guild Brethren Of Glasgow 1573-1750,https://www.findmypast.co.uk/transcript?id=SCOT%2FBURGESS%2F0035920
William,Mitchell,1594-95,Glasgow,Lanarkshire,Burgesses & Guild Brethren Of Glasgow 1573-1750,https://www.findmypast.co.uk/transcript?id=SCOT%2FBURGESS%2F0035919
John,Moffett,1589-90,Glasgow,Lanarkshire,Burgesses & Guild Brethren Of Glasgow 1573-1750,https://www.findmypast.co.uk/transcript?id=SCOT%2FBURGESS%2F0036038
John,Moir,1578,Glasgow,Lanarkshire,Burgesses & Guild Brethren Of Glasgow 1573-1750,https://www.findmypast.co.uk/transcript?id=SCOT%2FBURGESS%2F0036048
Andrew,Moncrieff,1599,Glasgow,Lanarkshire,Burgesses & Guild Brethren Of Glasgow 1573-1750,https://www.findmypast.co.uk/transcript?id=SCOT%2FBURGESS%2F0036076
James,Montgomery,1584-85,Glasgow,Lanarkshire,Burgesses & Guild Brethren Of Glasgow 1573-1750,https://www.findmypast.co.uk/transcript?id=SCOT%2FBURGESS%2F0036173
John,Montgomery,1599,Glasgow,Lanarkshire,Burgesses & Guild Brethren Of Glasgow 1573-1750,https://www.findmypast.co.uk/transcript?id=SCOT%2FBURGESS%2F0036174
Walter,Montgomery,1574,Glasgow,Lanarkshire,Burgesses & Guild Brethren Of Glasgow 1573-1750,https://www.findmypast.co.uk/transcript?id=SCOT%2FBURGESS%2F0036172
James,Montgumerie,1575,Glasgow,Lanarkshire,Burgesses & Guild Brethren Of Glasgow 1573-1750,https://www.findmypast.co.uk/transcript?id=SCOT%2FBURGESS%2F0036207
William,Montgumrie,1581,Glasgow,Lanarkshire,Burgesses & Guild Brethren Of Glasgow 1573-1750,https://www.findmypast.co.uk/transcript?id=SCOT%2FBURGESS%2F0036208
George,Moresoun,1584,Glasgow,Lanarkshire,Burgesses & Guild Brethren Of Glasgow 1573-1750,https://www.findmypast.co.uk/transcript?id=SCOT%2FBURGESS%2F0036257
Robert,Moresoun,1590,Glasgow,Lanarkshire,Burgesses & Guild Brethren Of Glasgow 1573-1750,https://www.findmypast.co.uk/transcript?id=SCOT%2FBURGESS%2F0036258
Michael,Mudie,1582,Glasgow,Lanarkshire,Burgesses & Guild Brethren Of Glasgow 1573-1750,https://www.findmypast.co.uk/transcript?id=SCOT%2FBURGESS%2F0036495
Abraham,Muir,1595-96,Glasgow,Lanarkshire,Burgesses & Guild Brethren Of Glasgow 1573-1750,https://www.findmypast.co.uk/transcript?id=SCOT%2FBURGESS%2F0036605
Andrew,Muir,1599,Glasgow,Lanarkshire,Burgesses & Guild Brethren Of Glasgow 1573-1750,https://www.findmypast.co.uk/transcript?id=SCOT%2FBURGESS%2F0036606
Archibald,Muir,1584,Glasgow,Lanarkshire,Burgesses & Guild Brethren Of Glasgow 1573-1750,https://www.findmypast.co.uk/transcript?id=SCOT%2FBURGESS%2F0036603
Barthillo,Muir,1584,Glasgow,Lanarkshire,Burgesses & Guild Brethren Of Glasgow 1573-1750,https://www.findmypast.co.uk/transcript?id=SCOT%2FBURGESS%2F0036601
James,Muir,1599,Glasgow,Lanarkshire,Burgesses & Guild Brethren Of Glasgow 1573-1750,https://www.findmypast.co.uk/transcript?id=SCOT%2FBURGESS%2F0036607
John,Muir,1575,Glasgow,Lanarkshire,Burgesses & Guild Brethren Of Glasgow 1573-1750,https://www.findmypast.co.uk/transcript?id=SCOT%2FBURGESS%2F0036598
John,Muir,1584,Glasgow,Lanarkshire,Burgesses & Guild Brethren Of Glasgow 1573-1750,https://www.findmypast.co.uk/transcript?id=SCOT%2FBURGESS%2F0036600
John,Muir,1585,Glasgow,Lanarkshire,Burgesses & Guild Brethren Of Glasgow 1573-1750,https://www.findmypast.co.uk/transcript?id=SCOT%2FBURGESS%2F0036604
Matthew,Muir,1584,Glasgow,Lanarkshire,Burgesses & Guild Brethren Of Glasgow 1573-1750,https://www.findmypast.co.uk/transcript?id=SCOT%2FBURGESS%2F0036602
Thomas,Muir,1577,Glasgow,Lanarkshire,Burgesses & Guild Brethren Of Glasgow 1573-1750,https://www.findmypast.co.uk/transcript?id=SCOT%2FBURGESS%2F0036599
Alexander,Muirhead,1584,Glasgow,Lanarkshire,Burgesses & Guild Brethren Of Glasgow 1573-1750,https://www.findmypast.co.uk/transcript?id=SCOT%2FBURGESS%2F0036756
Alexander,Muirhead,1595,Glasgow,Lanarkshire,Burgesses & Guild Brethren Of Glasgow 1573-1750,https://www.findmypast.co.uk/transcript?id=SCOT%2FBURGESS%2F0036757
James,Muirhead,1578,Glasgow,Lanarkshire,Burgesses & Guild Brethren Of Glasgow 1573-1750,https://www.findmypast.co.uk/transcript?id=SCOT%2FBURGESS%2F0036753
John,Muirhead,1578-79,Glasgow,Lanarkshire,Burgesses & Guild Brethren Of Glasgow 1573-1750,https://www.findmypast.co.uk/transcript?id=SCOT%2FBURGESS%2F0036754
Matthew,Muirhead,1583,Glasgow,Lanarkshire,Burgesses & Guild Brethren Of Glasgow 1573-1750,https://www.findmypast.co.uk/transcript?id=SCOT%2FBURGESS%2F0036755
Thomas,Muirhead,1576-77,Glasgow,Lanarkshire,Burgesses & Guild Brethren Of Glasgow 1573-1750,https://www.findmypast.co.uk/transcript?id=SCOT%2FBURGESS%2F0036752
Robert,Murdoch,1580,Glasgow,Lanarkshire,Burgesses & Guild Brethren Of Glasgow 1573-1750,https://www.findmypast.co.uk/transcript?id=SCOT%2FBURGESS%2F0036874
George,Mure,1588-89,Glasgow,Lanarkshire,Burgesses & Guild Brethren Of Glasgow 1573-1750,https://www.findmypast.co.uk/transcript?id=SCOT%2FBURGESS%2F0036935
James,Mure,1574-75,Glasgow,Lanarkshire,Burgesses & Guild Brethren Of Glasgow 1573-1750,https://www.findmypast.co.uk/transcript?id=SCOT%2FBURGESS%2F0036931
John,Mure,1575,Glasgow,Lanarkshire,Burgesses & Guild Brethren Of Glasgow 1573-1750,https://www.findmypast.co.uk/transcript?id=SCOT%2FBURGESS%2F0036932
John,Mure,1589,Glasgow,Lanarkshire,Burgesses & Guild Brethren Of Glasgow 1573-1750,https://www.findmypast.co.uk/transcript?id=SCOT%2FBURGESS%2F0036936
Michael,Mure,1589,Glasgow,Lanarkshire,Burgesses & Guild Brethren Of Glasgow 1573-1750,https://www.findmypast.co.uk/transcript?id=SCOT%2FBURGESS%2F0036937
William,Mure,1575,Glasgow,Lanarkshire,Burgesses & Guild Brethren Of Glasgow 1573-1750,https://www.findmypast.co.uk/transcript?id=SCOT%2FBURGESS%2F0036933
William,Mure,1579,Glasgow,Lanarkshire,Burgesses & Guild Brethren Of Glasgow 1573-1750,https://www.findmypast.co.uk/transcript?id=SCOT%2FBURGESS%2F0036934
Richard,Murray,1581-82,Glasgow,Lanarkshire,Burgesses & Guild Brethren Of Glasgow 1573-1750,https://www.findmypast.co.uk/transcript?id=SCOT%2FBURGESS%2F0037035
John,Mwn,1596,Glasgow,Lanarkshire,Burgesses & Guild Brethren Of Glasgow 1573-1750,https://www.findmypast.co.uk/transcript?id=SCOT%2FBURGESS%2F0037111
Thomas,Mylne,1578,Glasgow,Lanarkshire,Burgesses & Guild Brethren Of Glasgow 1573-1750,https://www.findmypast.co.uk/transcript?id=SCOT%2FBURGESS%2F0037138
William,Napier,1588-89,Glasgow,Lanarkshire,Burgesses & Guild Brethren Of Glasgow 1573-1750,https://www.findmypast.co.uk/transcript?id=SCOT%2FBURGESS%2F0037197
Thomas,Nasmyt,1593,Glasgow,Lanarkshire,Incorporation Of Bonnetmakers & Dyers Of Glasgow Past Deacons,https://www.findmypast.co.uk/transcript?id=SCOT%2FBURGESS%2F1036035
Robert,Nasmyth,1576,Glasgow,Lanarkshire,Burgesses & Guild Brethren Of Glasgow 1573-1750,https://www.findmypast.co.uk/transcript?id=SCOT%2FBURGESS%2F0037221
Thomas,Nasmyth,1580,Glasgow,Lanarkshire,Burgesses & Guild Brethren Of Glasgow 1573-1750,https://www.findmypast.co.uk/transcript?id=SCOT%2FBURGESS%2F0037222
Gavin,Nasyt,1595,Glasgow,Lanarkshire,Incorporation Of Bonnetmakers & Dyers Of Glasgow Past Deacons,https://www.findmypast.co.uk/transcript?id=SCOT%2FBURGESS%2F1036064
David,Neill,1590,Glasgow,Lanarkshire,Burgesses & Guild Brethren Of Glasgow 1573-1750,https://www.findmypast.co.uk/transcript?id=SCOT%2FBURGESS%2F0037243
John,Neill,1589-90,Glasgow,Lanarkshire,Burgesses & Guild Brethren Of Glasgow 1573-1750,https://www.findmypast.co.uk/transcript?id=SCOT%2FBURGESS%2F0037242
William,Neilson,1575,Glasgow,Lanarkshire,Burgesses & Guild Brethren Of Glasgow 1573-1750,https://www.findmypast.co.uk/transcript?id=SCOT%2FBURGESS%2F0037318
John,Neilsoun,1578-79,Glasgow,Lanarkshire,Burgesses & Guild Brethren Of Glasgow 1573-1750,https://www.findmypast.co.uk/transcript?id=SCOT%2FBURGESS%2F0037353
William,Neilsoun,1578-79,Glasgow,Lanarkshire,Burgesses & Guild Brethren Of Glasgow 1573-1750,https://www.findmypast.co.uk/transcript?id=SCOT%2FBURGESS%2F0037354
John,Neilsoune,1596,Glasgow,Lanarkshire,Burgesses & Guild Brethren Of Glasgow 1573-1750,https://www.findmypast.co.uk/transcript?id=SCOT%2FBURGESS%2F0037357
John,Neilsoune,1599,Glasgow,Lanarkshire,Burgesses & Guild Brethren Of Glasgow 1573-1750,https://www.findmypast.co.uk/transcript?id=SCOT%2FBURGESS%2F0037358
William,Nesbit,1579,Glasgow,Lanarkshire,Burgesses & Guild Brethren Of Glasgow 1573-1750,https://www.findmypast.co.uk/transcript?id=SCOT%2FBURGESS%2F0037377
—,Newbottill,1581,Glasgow,Lanarkshire,Burgesses & Guild Brethren Of Glasgow 1573-1750,https://www.findmypast.co.uk/transcript?id=SCOT%2FBURGESS%2F0037394
Adam,Nicholl,1582,Glasgow,Lanarkshire,Burgesses & Guild Brethren Of Glasgow 1573-1750,https://www.findmypast.co.uk/transcript?id=SCOT%2FBURGESS%2F0037428
William,Nicoill,1598,Glasgow,Lanarkshire,Burgesses & Guild Brethren Of Glasgow 1573-1750,https://www.findmypast.co.uk/transcript?id=SCOT%2FBURGESS%2F0037439
Patrick,Nicole,1583,Glasgow,Lanarkshire,Burgesses & Guild Brethren Of Glasgow 1573-1750,https://www.findmypast.co.uk/transcript?id=SCOT%2FBURGESS%2F0037450
Archibald,Normound,1588,Glasgow,Lanarkshire,Burgesses & Guild Brethren Of Glasgow 1573-1750,https://www.findmypast.co.uk/transcript?id=SCOT%2FBURGESS%2F0037620
—,Ogilvie,1581,Glasgow,Lanarkshire,Burgesses & Guild Brethren Of Glasgow 1573-1750,https://www.findmypast.co.uk/transcript?id=SCOT%2FBURGESS%2F0037686
John,Otterburn,1599,Glasgow,Lanarkshire,Burgesses & Guild Brethren Of Glasgow 1573-1750,https://www.findmypast.co.uk/transcript?id=SCOT%2FBURGESS%2F0037824
John,Padie,1584,Glasgow,Lanarkshire,Burgesses & Guild Brethren Of Glasgow 1573-1750,https://www.findmypast.co.uk/transcript?id=SCOT%2FBURGESS%2F0037837
John,Padyne,1599,Glasgow,Lanarkshire,Burgesses & Guild Brethren Of Glasgow 1573-1750,https://www.findmypast.co.uk/transcript?id=SCOT%2FBURGESS%2F0037851
William,Padyne,1599,Glasgow,Lanarkshire,Burgesses & Guild Brethren Of Glasgow 1573-1750,https://www.findmypast.co.uk/transcript?id=SCOT%2FBURGESS%2F0037850
John,Park,1584-85,Glasgow,Lanarkshire,Burgesses & Guild Brethren Of Glasgow 1573-1750,https://www.findmypast.co.uk/transcript?id=SCOT%2FBURGESS%2F0037929
John,Park,1590,Glasgow,Lanarkshire,Burgesses & Guild Brethren Of Glasgow 1573-1750,https://www.findmypast.co.uk/transcript?id=SCOT%2FBURGESS%2F0037930
John,Park,1596,Glasgow,Lanarkshire,Burgesses & Guild Brethren Of Glasgow 1573-1750,https://www.findmypast.co.uk/transcript?id=SCOT%2FBURGESS%2F0037931
Andrew,Parker,1594-95,Glasgow,Lanarkshire,Burgesses & Guild Brethren Of Glasgow 1573-1750,https://www.findmypast.co.uk/transcript?id=SCOT%2FBURGESS%2F0038018
Robert,Parkhill,1589,Glasgow,Lanarkshire,Burgesses & Guild Brethren Of Glasgow 1573-1750,https://www.findmypast.co.uk/transcript?id=SCOT%2FBURGESS%2F0038028
Archibald,Paterson,1589,Glasgow,Lanarkshire,Burgesses & Guild Brethren Of Glasgow 1573-1750,https://www.findmypast.co.uk/transcript?id=SCOT%2FBURGESS%2F0038167
Archibald,Paterson,1596,Glasgow,Lanarkshire,Incorporation Of Weavers Of Glasgow Past Deacons,https://www.findmypast.co.uk/transcript?id=SCOT%2FBURGESS%2F1036220
George,Paterson,1574,Glasgow,Lanarkshire,Burgesses & Guild Brethren Of Glasgow 1573-1750,https://www.findmypast.co.uk/transcript?id=SCOT%2FBURGESS%2F0038164
John,Paterson,—,Glasgow,Lanarkshire,Incorporation Of Skinners Of Glasgow Past Deacons & Collectors,https://www.findmypast.co.uk/transcript?id=SCOT%2FBURGESS%2F1036256
John,Paterson,1589,Glasgow,Lanarkshire,Burgesses & Guild Brethren Of Glasgow 1573-1750,https://www.findmypast.co.uk/transcript?id=SCOT%2FBURGESS%2F0038168
Ninian,Paterson,1588,Glasgow,Lanarkshire,Burgesses & Guild Brethren Of Glasgow 1573-1750,https://www.findmypast.co.uk/transcript?id=SCOT%2FBURGESS%2F0038166
Patrick,Paterson,1584,Glasgow,Lanarkshire,Burgesses & Guild Brethren Of Glasgow 1573-1750,https://www.findmypast.co.uk/transcript?id=SCOT%2FBURGESS%2F0038165
Peter,Paterson,1574,Glasgow,Lanarkshire,Burgesses & Guild Brethren Of Glasgow 1573-1750,https://www.findmypast.co.uk/transcript?id=SCOT%2FBURGESS%2F0038163
Robert,Paterson,1599,Glasgow,Lanarkshire,Burgesses & Guild Brethren Of Glasgow 1573-1750,https://www.findmypast.co.uk/transcript?id=SCOT%2FBURGESS%2F0038169
Archibald,Patersone,1593,Glasgow,Lanarkshire,Incorporation Of Weavers Of Glasgow Past Deacons,https://www.findmypast.co.uk/transcript?id=SCOT%2FBURGESS%2F1036281
Archibald,Patersone,1594,Glasgow,Lanarkshire,Incorporation Of Weavers Of Glasgow Past Deacons,https://www.findmypast.co.uk/transcript?id=SCOT%2FBURGESS%2F1036282
Archibald,Patersoun,1578,Glasgow,Lanarkshire,Burgesses & Guild Brethren Of Glasgow 1573-1750,https://www.findmypast.co.uk/transcript?id=SCOT%2FBURGESS%2F0038287
George,Patersoun,1577,Glasgow,Lanarkshire,Burgesses & Guild Brethren Of Glasgow 1573-1750,https://www.findmypast.co.uk/transcript?id=SCOT%2FBURGESS%2F0038286
Robert,Patersoun,1576,Glasgow,Lanarkshire,Burgesses & Guild Brethren Of Glasgow 1573-1750,https://www.findmypast.co.uk/transcript?id=SCOT%2FBURGESS%2F0038285
John,Patersoune,1599,Glasgow,Lanarkshire,Burgesses & Guild Brethren Of Glasgow 1573-1750,https://www.findmypast.co.uk/transcript?id=SCOT%2FBURGESS%2F0038292
John,Patoun,1585,Glasgow,Lanarkshire,Burgesses & Guild Brethren Of Glasgow 1573-1750,https://www.findmypast.co.uk/transcript?id=SCOT%2FBURGESS%2F0038326
Archibald,Patoune,1596,Glasgow,Lanarkshire,Burgesses & Guild Brethren Of Glasgow 1573-1750,https://www.findmypast.co.uk/transcript?id=SCOT%2FBURGESS%2F0038329
James,Pawtoune,1596,Glasgow,Lanarkshire,Burgesses & Guild Brethren Of Glasgow 1573-1750,https://www.findmypast.co.uk/transcript?id=SCOT%2FBURGESS%2F0038420
Martyne,Pettigrew,1574,Glasgow,Lanarkshire,Burgesses & Guild Brethren Of Glasgow 1573-1750,https://www.findmypast.co.uk/transcript?id=SCOT%2FBURGESS%2F0038575
Matthew,Pettigrew,1596,Glasgow,Lanarkshire,Burgesses & Guild Brethren Of Glasgow 1573-1750,https://www.findmypast.co.uk/transcript?id=SCOT%2FBURGESS%2F0038579
Patrick,Pettigrew,1574-75,Glasgow,Lanarkshire,Burgesses & Guild Brethren Of Glasgow 1573-1750,https://www.findmypast.co.uk/transcript?id=SCOT%2FBURGESS%2F0038576
Robert,Pettigrew,1580-81,Glasgow,Lanarkshire,Burgesses & Guild Brethren Of Glasgow 1573-1750,https://www.findmypast.co.uk/transcript?id=SCOT%2FBURGESS%2F0038578
Thomas,Pettigrew,1576,Glasgow,Lanarkshire,Burgesses & Guild Brethren Of Glasgow 1573-1750,https://www.findmypast.co.uk/transcript?id=SCOT%2FBURGESS%2F0038577
John,Philp,1599,Glasgow,Lanarkshire,Burgesses & Guild Brethren Of Glasgow 1573-1750,https://www.findmypast.co.uk/transcript?id=SCOT%2FBURGESS%2F0038645
James,Pirrat,1584-85,Glasgow,Lanarkshire,Burgesses & Guild Brethren Of Glasgow 1573-1750,https://www.findmypast.co.uk/transcript?id=SCOT%2FBURGESS%2F0038714
George,Pollock,1598,Glasgow,Lanarkshire,Incorporation Of Coopers Of Glasgow Past Deacons,https://www.findmypast.co.uk/transcript?id=SCOT%2FBURGESS%2F1036433
John,Pollock,1578,Glasgow,Lanarkshire,Burgesses & Guild Brethren Of Glasgow 1573-1750,https://www.findmypast.co.uk/transcript?id=SCOT%2FBURGESS%2F0038788
Robert,Pollock,1578,Glasgow,Lanarkshire,Burgesses & Guild Brethren Of Glasgow 1573-1750,https://www.findmypast.co.uk/transcript?id=SCOT%2FBURGESS%2F0038787
Robert,Pollock,1592,Glasgow,Lanarkshire,Incorporation Of Coopers Of Glasgow Past Deacons,https://www.findmypast.co.uk/transcript?id=SCOT%2FBURGESS%2F1036444
Robert,Pollock,1595,Glasgow,Lanarkshire,Incorporation Of Coopers Of Glasgow Past Deacons,https://www.findmypast.co.uk/transcript?id=SCOT%2FBURGESS%2F1036445
Robert,Pollock,1596,Glasgow,Lanarkshire,Incorporation Of Coopers Of Glasgow Past Deacons,https://www.findmypast.co.uk/transcript?id=SCOT%2FBURGESS%2F1036446
William,Pollock,1588-89,Glasgow,Lanarkshire,Burgesses & Guild Brethren Of Glasgow 1573-1750,https://www.findmypast.co.uk/transcript?id=SCOT%2FBURGESS%2F0038789
—,Pollok,1581,Glasgow,Lanarkshire,Burgesses & Guild Brethren Of Glasgow 1573-1750,https://www.findmypast.co.uk/transcript?id=SCOT%2FBURGESS%2F0038798
Archibald,Pollok,1580,Glasgow,Lanarkshire,Burgesses & Guild Brethren Of Glasgow 1573-1750,https://www.findmypast.co.uk/transcript?id=SCOT%2FBURGESS%2F0038811
David,Pollok,1583,Glasgow,Lanarkshire,Burgesses & Guild Brethren Of Glasgow 1573-1750,https://www.findmypast.co.uk/transcript?id=SCOT%2FBURGESS%2F0038813
Edward,Pollok,1574,Glasgow,Lanarkshire,Burgesses & Guild Brethren Of Glasgow 1573-1750,https://www.findmypast.co.uk/transcript?id=SCOT%2FBURGESS%2F0038810
Edward,Pollok,1580,Glasgow,Lanarkshire,Incorporation Of Skinners Of Glasgow Past Deacons & Collectors,https://www.findmypast.co.uk/transcript?id=SCOT%2FBURGESS%2F1036455
Edward,Pollok,1589,Glasgow,Lanarkshire,Incorporation Of Skinners Of Glasgow Past Deacons & Collectors,https://www.findmypast.co.uk/transcript?id=SCOT%2FBURGESS%2F1036456
Edward,Pollok,1598,Glasgow,Lanarkshire,Incorporation Of Skinners Of Glasgow Past Deacons & Collectors,https://www.findmypast.co.uk/transcript?id=SCOT%2FBURGESS%2F1036457
Edward,Pollok,1599,Glasgow,Lanarkshire,Incorporation Of Skinners Of Glasgow Past Deacons & Collectors,https://www.findmypast.co.uk/transcript?id=SCOT%2FBURGESS%2F1036458
George,Pollok,1573-74,Glasgow,Lanarkshire,Burgesses & Guild Brethren Of Glasgow 1573-1750,https://www.findmypast.co.uk/transcript?id=SCOT%2FBURGESS%2F0038809
George,Pollok,1580,Glasgow,Lanarkshire,Burgesses & Guild Brethren Of Glasgow 1573-1750,https://www.findmypast.co.uk/transcript?id=SCOT%2FBURGESS%2F0038812
John,Portar,1583,Glasgow,Lanarkshire,Burgesses & Guild Brethren Of Glasgow 1573-1750,https://www.findmypast.co.uk/transcript?id=SCOT%2FBURGESS%2F0038880
Archibald,Poway,1577,Glasgow,Lanarkshire,Burgesses & Guild Brethren Of Glasgow 1573-1750,https://www.findmypast.co.uk/transcript?id=SCOT%2FBURGESS%2F0038939
Robert,Pudzane,1574,Glasgow,Lanarkshire,Burgesses & Guild Brethren Of Glasgow 1573-1750,https://www.findmypast.co.uk/transcript?id=SCOT%2FBURGESS%2F0039038
James,Quhithall,1585,Glasgow,Lanarkshire,Burgesses & Guild Brethren Of Glasgow 1573-1750,https://www.findmypast.co.uk/transcript?id=SCOT%2FBURGESS%2F0039085
William,Quhitlaw,1578-79,Glasgow,Lanarkshire,Burgesses & Guild Brethren Of Glasgow 1573-1750,https://www.findmypast.co.uk/transcript?id=SCOT%2FBURGESS%2F0039086
John,Quhyt,1589,Glasgow,Lanarkshire,Burgesses & Guild Brethren Of Glasgow 1573-1750,https://www.findmypast.co.uk/transcript?id=SCOT%2FBURGESS%2F0039087
John,Quhytfurd,1584,Glasgow,Lanarkshire,Burgesses & Guild Brethren Of Glasgow 1573-1750,https://www.findmypast.co.uk/transcript?id=SCOT%2FBURGESS%2F0039091
Lawrie,Quintance,1585,Glasgow,Lanarkshire,Burgesses & Guild Brethren Of Glasgow 1573-1750,https://www.findmypast.co.uk/transcript?id=SCOT%2FBURGESS%2F0039103
Henry,Ralstoun,1589-90,Glasgow,Lanarkshire,Burgesses & Guild Brethren Of Glasgow 1573-1750,https://www.findmypast.co.uk/transcript?id=SCOT%2FBURGESS%2F0039207
Robert,Raltoun,1585,Glasgow,Lanarkshire,Burgesses & Guild Brethren Of Glasgow 1573-1750,https://www.findmypast.co.uk/transcript?id=SCOT%2FBURGESS%2F0039217
David,Ramsay,1581,Glasgow,Lanarkshire,Burgesses & Guild Brethren Of Glasgow 1573-1750,https://www.findmypast.co.uk/transcript?id=SCOT%2FBURGESS%2F0039261
Nicholas,Ramsay,1583,Glasgow,Lanarkshire,Burgesses & Guild Brethren Of Glasgow 1573-1750,https://www.findmypast.co.uk/transcript?id=SCOT%2FBURGESS%2F0039262
James,Ranekene,1594,Glasgow,Lanarkshire,Incorporation Of Bonnetmakers & Dyers Of Glasgow Past Deacons,https://www.findmypast.co.uk/transcript?id=SCOT%2FBURGESS%2F1036522
James,Ranekene,1597,Glasgow,Lanarkshire,Incorporation Of Bonnetmakers & Dyers Of Glasgow Past Deacons,https://www.findmypast.co.uk/transcript?id=SCOT%2FBURGESS%2F1036523
John,Rankine,1599,Glasgow,Lanarkshire,Burgesses & Guild Brethren Of Glasgow 1573-1750,https://www.findmypast.co.uk/transcript?id=SCOT%2FBURGESS%2F0039364
John,Rankyne,1574,Glasgow,Lanarkshire,Incorporation Of Masons Of Glasgow Members 1574-1950,https://www.findmypast.co.uk/transcript?id=SCOT%2FBURGESS%2F1030688
John,Rankyne,1574,Glasgow,Lanarkshire,Burgesses & Guild Brethren Of Glasgow 1573-1750,https://www.findmypast.co.uk/transcript?id=SCOT%2FBURGESS%2F0039386
Gavin,Rauss,1577,Glasgow,Lanarkshire,Burgesses & Guild Brethren Of Glasgow 1573-1750,https://www.findmypast.co.uk/transcript?id=SCOT%2FBURGESS%2F0039402
Archibald,Reid,1596,Glasgow,Lanarkshire,Burgesses & Guild Brethren Of Glasgow 1573-1750,https://www.findmypast.co.uk/transcript?id=SCOT%2FBURGESS%2F0039550
John,Riche,1574,Glasgow,Lanarkshire,Incorporation Of Masons Of Glasgow Members 1574-1950,https://www.findmypast.co.uk/transcript?id=SCOT%2FBURGESS%2F1030722
John,Riche,1574,Glasgow,Lanarkshire,Burgesses & Guild Brethren Of Glasgow 1573-1750,https://www.findmypast.co.uk/transcript?id=SCOT%2FBURGESS%2F0039761
William,Riche,1574,Glasgow,Lanarkshire,Burgesses & Guild Brethren Of Glasgow 1573-1750,https://www.findmypast.co.uk/transcript?id=SCOT%2FBURGESS%2F0039762
William,Riche,1574,Glasgow,Lanarkshire,Incorporation Of Masons Of Glasgow Members 1574-1950,https://www.findmypast.co.uk/transcript?id=SCOT%2FBURGESS%2F1030723
John,Richie,1574,Glasgow,Lanarkshire,Burgesses & Guild Brethren Of Glasgow 1573-1750,https://www.findmypast.co.uk/transcript?id=SCOT%2FBURGESS%2F0039763
John,Richie,1578,Glasgow,Lanarkshire,Burgesses & Guild Brethren Of Glasgow 1573-1750,https://www.findmypast.co.uk/transcript?id=SCOT%2FBURGESS%2F0039764
John,Richie,1581,Glasgow,Lanarkshire,Burgesses & Guild Brethren Of Glasgow 1573-1750,https://www.findmypast.co.uk/transcript?id=SCOT%2FBURGESS%2F0039765
John,Ritchie,1599,Glasgow,Lanarkshire,Incorporation Of Coopers Of Glasgow Past Deacons,https://www.findmypast.co.uk/transcript?id=SCOT%2FBURGESS%2F1036677
John,Ritchie,1599,Glasgow,Lanarkshire,Burgesses & Guild Brethren Of Glasgow 1573-1750,https://www.findmypast.co.uk/transcript?id=SCOT%2FBURGESS%2F0039887
Andrew,Robe,1577,Glasgow,Lanarkshire,Burgesses & Guild Brethren Of Glasgow 1573-1750,https://www.findmypast.co.uk/transcript?id=SCOT%2FBURGESS%2F0039977
Archibald,Robertoun,1581-82,Glasgow,Lanarkshire,Burgesses & Guild Brethren Of Glasgow 1573-1750,https://www.findmypast.co.uk/transcript?id=SCOT%2FBURGESS%2F0039987
John,Robertoun,1577,Glasgow,Lanarkshire,Burgesses & Guild Brethren Of Glasgow 1573-1750,https://www.findmypast.co.uk/transcript?id=SCOT%2FBURGESS%2F0039986
Steyne,Robertoun,1573-74,Glasgow,Lanarkshire,Burgesses & Guild Brethren Of Glasgow 1573-1750,https://www.findmypast.co.uk/transcript?id=SCOT%2FBURGESS%2F0039985
John,Robertoune,1594,Glasgow,Lanarkshire,Burgesses & Guild Brethren Of Glasgow 1573-1750,https://www.findmypast.co.uk/transcript?id=SCOT%2FBURGESS%2F0039990
Patrick,Robertsoun,1585,Glasgow,Lanarkshire,Burgesses & Guild Brethren Of Glasgow 1573-1750,https://www.findmypast.co.uk/transcript?id=SCOT%2FBURGESS%2F0040244
John,Robesone,1573-74,Glasgow,Lanarkshire,Burgesses & Guild Brethren Of Glasgow 1573-1750,https://www.findmypast.co.uk/transcript?id=SCOT%2FBURGESS%2F0040247
Patrick,Robesone,1596-97,Glasgow,Lanarkshire,Burgesses & Guild Brethren Of Glasgow 1573-1750,https://www.findmypast.co.uk/transcript?id=SCOT%2FBURGESS%2F0040248
James,Robesoun,1583,Glasgow,Lanarkshire,Burgesses & Guild Brethren Of Glasgow 1573-1750,https://www.findmypast.co.uk/transcript?id=SCOT%2FBURGESS%2F0040255
John,Robesoun,1583,Glasgow,Lanarkshire,Burgesses & Guild Brethren Of Glasgow 1573-1750,https://www.findmypast.co.uk/transcript?id=SCOT%2FBURGESS%2F0040256
John,Rois,1594,Glasgow,Lanarkshire,Burgesses & Guild Brethren Of Glasgow 1573-1750,https://www.findmypast.co.uk/transcript?id=SCOT%2FBURGESS%2F0040413
Peter,Rollok,1583,Glasgow,Lanarkshire,Burgesses & Guild Brethren Of Glasgow 1573-1750,https://www.findmypast.co.uk/transcript?id=SCOT%2FBURGESS%2F0040415
John,Ronald,1596,Glasgow,Lanarkshire,Burgesses & Guild Brethren Of Glasgow 1573-1750,https://www.findmypast.co.uk/transcript?id=SCOT%2FBURGESS%2F0040435
David,Ross,1579-80,Glasgow,Lanarkshire,Burgesses & Guild Brethren Of Glasgow 1573-1750,https://www.findmypast.co.uk/transcript?id=SCOT%2FBURGESS%2F0040512
William,Ross,1575,Glasgow,Lanarkshire,Burgesses & Guild Brethren Of Glasgow 1573-1750,https://www.findmypast.co.uk/transcript?id=SCOT%2FBURGESS%2F0040511
John,Rowan,1585,Glasgow,Lanarkshire,Burgesses & Guild Brethren Of Glasgow 1573-1750,https://www.findmypast.co.uk/transcript?id=SCOT%2FBURGESS%2F0040593
James,Rowane,1595,Glasgow,Lanarkshire,Burgesses & Guild Brethren Of Glasgow 1573-1750,https://www.findmypast.co.uk/transcript?id=SCOT%2FBURGESS%2F0040633
John,Rowatt,1595,Glasgow,Lanarkshire,Burgesses & Guild Brethren Of Glasgow 1573-1750,https://www.findmypast.co.uk/transcript?id=SCOT%2FBURGESS%2F0040644
James,Russell,1583,Glasgow,Lanarkshire,Burgesses & Guild Brethren Of Glasgow 1573-1750,https://www.findmypast.co.uk/transcript?id=SCOT%2FBURGESS%2F0040744
John,Russell,1584-85,Glasgow,Lanarkshire,Burgesses & Guild Brethren Of Glasgow 1573-1750,https://www.findmypast.co.uk/transcript?id=SCOT%2FBURGESS%2F0040745
Robert,Russell,1577-78,Glasgow,Lanarkshire,Burgesses & Guild Brethren Of Glasgow 1573-1750,https://www.findmypast.co.uk/transcript?id=SCOT%2FBURGESS%2F0040743
Ninian,Sanderson,1583,Glasgow,Lanarkshire,Burgesses & Guild Brethren Of Glasgow 1573-1750,https://www.findmypast.co.uk/transcript?id=SCOT%2FBURGESS%2F0040843
Fynlay,Schakschaw,1583,Glasgow,Lanarkshire,Burgesses & Guild Brethren Of Glasgow 1573-1750,https://www.findmypast.co.uk/transcript?id=SCOT%2FBURGESS%2F0040881
James,Schellis,1595,Glasgow,Lanarkshire,Burgesses & Guild Brethren Of Glasgow 1573-1750,https://www.findmypast.co.uk/transcript?id=SCOT%2FBURGESS%2F0040920
James,Schellis Alias Johnstone,1595-96,Glasgow,Lanarkshire,Burgesses & Guild Brethren Of Glasgow 1573-1750,https://www.findmypast.co.uk/transcript?id=SCOT%2FBURGESS%2F0040922
David,Scherar,1590,Glasgow,Lanarkshire,Burgesses & Guild Brethren Of Glasgow 1573-1750,https://www.findmypast.co.uk/transcript?id=SCOT%2FBURGESS%2F0040923
David,Sclaiter,1598-99,Glasgow,Lanarkshire,Burgesses & Guild Brethren Of Glasgow 1573-1750,https://www.findmypast.co.uk/transcript?id=SCOT%2FBURGESS%2F0040946
David,Sclaiter,1598,Glasgow,Lanarkshire,Incorporation Of Masons Of Glasgow Members 1574-1950,https://www.findmypast.co.uk/transcript?id=SCOT%2FBURGESS%2F1030806
Alexander,Scott,1596,Glasgow,Lanarkshire,Burgesses & Guild Brethren Of Glasgow 1573-1750,https://www.findmypast.co.uk/transcript?id=SCOT%2FBURGESS%2F0041148
Andro,Scott,1574,Glasgow,Lanarkshire,Burgesses & Guild Brethren Of Glasgow 1573-1750,https://www.findmypast.co.uk/transcript?id=SCOT%2FBURGESS%2F0041139
Barthillome,Scott,1585,Glasgow,Lanarkshire,Burgesses & Guild Brethren Of Glasgow 1573-1750,https://www.findmypast.co.uk/transcript?id=SCOT%2FBURGESS%2F0041145
James,Scott,1574,Glasgow,Lanarkshire,Burgesses & Guild Brethren Of Glasgow 1573-1750,https://www.findmypast.co.uk/transcript?id=SCOT%2FBURGESS%2F0041141
James,Scott,1577,Glasgow,Lanarkshire,Burgesses & Guild Brethren Of Glasgow 1573-1750,https://www.findmypast.co.uk/transcript?id=SCOT%2FBURGESS%2F0041142
James,Scott,1596,Glasgow,Lanarkshire,Burgesses & Guild Brethren Of Glasgow 1573-1750,https://www.findmypast.co.uk/transcript?id=SCOT%2FBURGESS%2F0041149
John,Scott,1583,Glasgow,Lanarkshire,Burgesses & Guild Brethren Of Glasgow 1573-1750,https://www.findmypast.co.uk/transcript?id=SCOT%2FBURGESS%2F0041144
Nicol,Scott,1588-89,Glasgow,Lanarkshire,Burgesses & Guild Brethren Of Glasgow 1573-1750,https://www.findmypast.co.uk/transcript?id=SCOT%2FBURGESS%2F0041146
Paul,Scott,1582,Glasgow,Lanarkshire,Burgesses & Guild Brethren Of Glasgow 1573-1750,https://www.findmypast.co.uk/transcript?id=SCOT%2FBURGESS%2F0041143
Robert,Scott,1574,Glasgow,Lanarkshire,Burgesses & Guild Brethren Of Glasgow 1573-1750,https://www.findmypast.co.uk/transcript?id=SCOT%2FBURGESS%2F0041140
Robert,Scott,1595-96,Glasgow,Lanarkshire,Burgesses & Guild Brethren Of Glasgow 1573-1750,https://www.findmypast.co.uk/transcript?id=SCOT%2FBURGESS%2F0041147
George,Seaforth,—,Glasgow,Lanarkshire,Burgesses & Guild Brethren Of Glasgow 1573-1750,https://www.findmypast.co.uk/transcript?id=SCOT%2FBURGESS%2F0041404
Steyne,Selcrig,1596,Glasgow,Lanarkshire,Burgesses & Guild Brethren Of Glasgow 1573-1750,https://www.findmypast.co.uk/transcript?id=SCOT%2FBURGESS%2F0041410
William,Selkrig,1580,Glasgow,Lanarkshire,Burgesses & Guild Brethren Of Glasgow 1573-1750,https://www.findmypast.co.uk/transcript?id=SCOT%2FBURGESS%2F0041420
Archibald,Sellar,1578,Glasgow,Lanarkshire,Burgesses & Guild Brethren Of Glasgow 1573-1750,https://www.findmypast.co.uk/transcript?id=SCOT%2FBURGESS%2F0041445
Archibald,Sellar,1596,Glasgow,Lanarkshire,Burgesses & Guild Brethren Of Glasgow 1573-1750,https://www.findmypast.co.uk/transcript?id=SCOT%2FBURGESS%2F0041446
George,Sellar,1577,Glasgow,Lanarkshire,Burgesses & Guild Brethren Of Glasgow 1573-1750,https://www.findmypast.co.uk/transcript?id=SCOT%2FBURGESS%2F0041444
John,Sellar,1594,Glasgow,Lanarkshire,Incorporation Of Skinners Of Glasgow Past Deacons & Collectors,https://www.findmypast.co.uk/transcript?id=SCOT%2FBURGESS%2F1037007
Robert,Sempill,1599,Glasgow,Lanarkshire,Burgesses & Guild Brethren Of Glasgow 1573-1750,https://www.findmypast.co.uk/transcript?id=SCOT%2FBURGESS%2F0041459
John,Shaw,1599,Glasgow,Lanarkshire,Burgesses & Guild Brethren Of Glasgow 1573-1750,https://www.findmypast.co.uk/transcript?id=SCOT%2FBURGESS%2F0041605
John,Sherar,1580,Glasgow,Lanarkshire,Burgesses & Guild Brethren Of Glasgow 1573-1750,https://www.findmypast.co.uk/transcript?id=SCOT%2FBURGESS%2F0041702
George,Skinner,—,Glasgow,Lanarkshire,"Incorporation Of Bakers Of Glasgow, 1931",https://www.findmypast.co.uk/transcript?id=SCOT%2FBURGESS%2F0060658
John,Slegear,1580,Glasgow,Lanarkshire,Burgesses & Guild Brethren Of Glasgow 1573-1750,https://www.findmypast.co.uk/transcript?id=SCOT%2FBURGESS%2F0041948
Thomas,Smetoune,1582,Glasgow,Lanarkshire,Burgesses & Guild Brethren Of Glasgow 1573-1750,https://www.findmypast.co.uk/transcript?id=SCOT%2FBURGESS%2F0042035
John,Smith,1588-89,Glasgow,Lanarkshire,Burgesses & Guild Brethren Of Glasgow 1573-1750,https://www.findmypast.co.uk/transcript?id=SCOT%2FBURGESS%2F0042246
William,Smith,1595,Glasgow,Lanarkshire,Burgesses & Guild Brethren Of Glasgow 1573-1750,https://www.findmypast.co.uk/transcript?id=SCOT%2FBURGESS%2F0042247
William,Smith,1596-97,Glasgow,Lanarkshire,Burgesses & Guild Brethren Of Glasgow 1573-1750,https://www.findmypast.co.uk/transcript?id=SCOT%2FBURGESS%2F0042248
Archibald,Smyth,1575,Glasgow,Lanarkshire,Burgesses & Guild Brethren Of Glasgow 1573-1750,https://www.findmypast.co.uk/transcript?id=SCOT%2FBURGESS%2F0042379
John,Smyth,1575,Glasgow,Lanarkshire,Burgesses & Guild Brethren Of Glasgow 1573-1750,https://www.findmypast.co.uk/transcript?id=SCOT%2FBURGESS%2F0042377
William,Smyth,1575,Glasgow,Lanarkshire,Burgesses & Guild Brethren Of Glasgow 1573-1750,https://www.findmypast.co.uk/transcript?id=SCOT%2FBURGESS%2F0042378
William,Smyth,1583,Glasgow,Lanarkshire,Burgesses & Guild Brethren Of Glasgow 1573-1750,https://www.findmypast.co.uk/transcript?id=SCOT%2FBURGESS%2F0042380
Patrick,Snodgrass,1577-78,Glasgow,Lanarkshire,Burgesses & Guild Brethren Of Glasgow 1573-1750,https://www.findmypast.co.uk/transcript?id=SCOT%2FBURGESS%2F0042405
Robert,Snodgres,1580-81,Glasgow,Lanarkshire,Burgesses & Guild Brethren Of Glasgow 1573-1750,https://www.findmypast.co.uk/transcript?id=SCOT%2FBURGESS%2F0042410
Adam,Snype,1578,Glasgow,Lanarkshire,Burgesses & Guild Brethren Of Glasgow 1573-1750,https://www.findmypast.co.uk/transcript?id=SCOT%2FBURGESS%2F0042422
Gillane,Snype,1587,Glasgow,Lanarkshire,Incorporation Of Coopers Of Glasgow Past Deacons,https://www.findmypast.co.uk/transcript?id=SCOT%2FBURGESS%2F1037253
Andrew,Spang,1596,Glasgow,Lanarkshire,Burgesses & Guild Brethren Of Glasgow 1573-1750,https://www.findmypast.co.uk/transcript?id=SCOT%2FBURGESS%2F0042545
William,Spang,1576,Glasgow,Lanarkshire,Burgesses & Guild Brethren Of Glasgow 1573-1750,https://www.findmypast.co.uk/transcript?id=SCOT%2FBURGESS%2F0042544
Andrew,Speir,1583,Glasgow,Lanarkshire,Burgesses & Guild Brethren Of Glasgow 1573-1750,https://www.findmypast.co.uk/transcript?id=SCOT%2FBURGESS%2F0042555
John,Speir,1578,Glasgow,Lanarkshire,Burgesses & Guild Brethren Of Glasgow 1573-1750,https://www.findmypast.co.uk/transcript?id=SCOT%2FBURGESS%2F0042554
David,Spreull,1575,Glasgow,Lanarkshire,Burgesses & Guild Brethren Of Glasgow 1573-1750,https://www.findmypast.co.uk/transcript?id=SCOT%2FBURGESS%2F0042633
Thomas,Spreull,1577,Glasgow,Lanarkshire,Burgesses & Guild Brethren Of Glasgow 1573-1750,https://www.findmypast.co.uk/transcript?id=SCOT%2FBURGESS%2F0042634
Thomas,Spreull,1599,Glasgow,Lanarkshire,Burgesses & Guild Brethren Of Glasgow 1573-1750,https://www.findmypast.co.uk/transcript?id=SCOT%2FBURGESS%2F0042635
Henry,Sproull,1589,Glasgow,Lanarkshire,Incorporation Of Coopers Of Glasgow Past Deacons,https://www.findmypast.co.uk/transcript?id=SCOT%2FBURGESS%2F1037304
Henry,Sproull,1591,Glasgow,Lanarkshire,Incorporation Of Coopers Of Glasgow Past Deacons,https://www.findmypast.co.uk/transcript?id=SCOT%2FBURGESS%2F1037305
Henry,Sproull,1593,Glasgow,Lanarkshire,Incorporation Of Coopers Of Glasgow Past Deacons,https://www.findmypast.co.uk/transcript?id=SCOT%2FBURGESS%2F1037306
Henry,Sproull,1594,Glasgow,Lanarkshire,Incorporation Of Coopers Of Glasgow Past Deacons,https://www.findmypast.co.uk/transcript?id=SCOT%2FBURGESS%2F1037307
Henry,Sproull,1597,Glasgow,Lanarkshire,Incorporation Of Coopers Of Glasgow Past Deacons,https://www.findmypast.co.uk/transcript?id=SCOT%2FBURGESS%2F1037308
Matthew,Stark,1588,Glasgow,Lanarkshire,Burgesses & Guild Brethren Of Glasgow 1573-1750,https://www.findmypast.co.uk/transcript?id=SCOT%2FBURGESS%2F0042686
Andrew,Start,1585,Glasgow,Lanarkshire,Burgesses & Guild Brethren Of Glasgow 1573-1750,https://www.findmypast.co.uk/transcript?id=SCOT%2FBURGESS%2F0042706
John,Steill,1584-85,Glasgow,Lanarkshire,Burgesses & Guild Brethren Of Glasgow 1573-1750,https://www.findmypast.co.uk/transcript?id=SCOT%2FBURGESS%2F0042773
James,Stein,1583,Glasgow,Lanarkshire,Burgesses & Guild Brethren Of Glasgow 1573-1750,https://www.findmypast.co.uk/transcript?id=SCOT%2FBURGESS%2F0042783
Gabriel,Steinsoun,1582,Glasgow,Lanarkshire,Burgesses & Guild Brethren Of Glasgow 1573-1750,https://www.findmypast.co.uk/transcript?id=SCOT%2FBURGESS%2F0042810
Constantine,Stenesoun,1580,Glasgow,Lanarkshire,Burgesses & Guild Brethren Of Glasgow 1573-1750,https://www.findmypast.co.uk/transcript?id=SCOT%2FBURGESS%2F0042823
John,Steuart,1596,Glasgow,Lanarkshire,Burgesses & Guild Brethren Of Glasgow 1573-1750,https://www.findmypast.co.uk/transcript?id=SCOT%2FBURGESS%2F0042839
John,Steuarte,1594,Glasgow,Lanarkshire,Burgesses & Guild Brethren Of Glasgow 1573-1750,https://www.findmypast.co.uk/transcript?id=SCOT%2FBURGESS%2F0042842
Robert,Stewarde,1579,Glasgow,Lanarkshire,Burgesses & Guild Brethren Of Glasgow 1573-1750,https://www.findmypast.co.uk/transcript?id=SCOT%2FBURGESS%2F0043013
Esmé,Stewart,1580,Glasgow,Lanarkshire,List Of Provosts And Lords Provost Of Glasgow From 1450 To 1952,https://www.findmypast.co.uk/transcript?id=SCOT%2FBURGESS%2F1037422
Hector,Stewart,1577,Glasgow,Lanarkshire,Burgesses & Guild Brethren Of Glasgow 1573-1750,https://www.findmypast.co.uk/transcript?id=SCOT%2FBURGESS%2F0043207
James,Stewart,1580,Glasgow,Lanarkshire,Burgesses & Guild Brethren Of Glasgow 1573-1750,https://www.findmypast.co.uk/transcript?id=SCOT%2FBURGESS%2F0043210
James,Stewart,1584-85,Glasgow,Lanarkshire,Burgesses & Guild Brethren Of Glasgow 1573-1750,https://www.findmypast.co.uk/transcript?id=SCOT%2FBURGESS%2F0043212
John,Stewart,1565,Glasgow,Lanarkshire,List Of Provosts And Lords Provost Of Glasgow From 1450 To 1952,https://www.findmypast.co.uk/transcript?id=SCOT%2FBURGESS%2F1037464
John,Stewart,1578,Glasgow,Lanarkshire,Incorporation Of Masons Of Glasgow Members 1574-1950,https://www.findmypast.co.uk/transcript?id=SCOT%2FBURGESS%2F1031017
John,Stewart,1578-79,Glasgow,Lanarkshire,Burgesses & Guild Brethren Of Glasgow 1573-1750,https://www.findmypast.co.uk/transcript?id=SCOT%2FBURGESS%2F0043208
John,Stewart,1579,Glasgow,Lanarkshire,Burgesses & Guild Brethren Of Glasgow 1573-1750,https://www.findmypast.co.uk/transcript?id=SCOT%2FBURGESS%2F0043209
John,Stewart,1589-90,Glasgow,Lanarkshire,Burgesses & Guild Brethren Of Glasgow 1573-1750,https://www.findmypast.co.uk/transcript?id=SCOT%2FBURGESS%2F0043213
Matthew,Stewart,1581,Glasgow,Lanarkshire,List Of Provosts And Lords Provost Of Glasgow From 1450 To 1952,https://www.findmypast.co.uk/transcript?id=SCOT%2FBURGESS%2F1037472
Matthew,Stewart,1588,Glasgow,Lanarkshire,List Of Provosts And Lords Provost Of Glasgow From 1450 To 1952,https://www.findmypast.co.uk/transcript?id=SCOT%2FBURGESS%2F1037473
Matthew,Stewart,1594,Glasgow,Lanarkshire,List Of Provosts And Lords Provost Of Glasgow From 1450 To 1952,https://www.findmypast.co.uk/transcript?id=SCOT%2FBURGESS%2F1037474
Matthew,Stewart,1599,Glasgow,Lanarkshire,List Of Provosts And Lords Provost Of Glasgow From 1450 To 1952,https://www.findmypast.co.uk/transcript?id=SCOT%2FBURGESS%2F1037475
Robert,Stewart,1578,Glasgow,Lanarkshire,List Of Provosts And Lords Provost Of Glasgow From 1450 To 1952,https://www.findmypast.co.uk/transcript?id=SCOT%2FBURGESS%2F1037480
Robert,Stewart,1584,Glasgow,Lanarkshire,Burgesses & Guild Brethren Of Glasgow 1573-1750,https://www.findmypast.co.uk/transcript?id=SCOT%2FBURGESS%2F0043211
John,Steyne,1574-75,Glasgow,Lanarkshire,Burgesses & Guild Brethren Of Glasgow 1573-1750,https://www.findmypast.co.uk/transcript?id=SCOT%2FBURGESS%2F0043338
John,Steyne,1594-95,Glasgow,Lanarkshire,Burgesses & Guild Brethren Of Glasgow 1573-1750,https://www.findmypast.co.uk/transcript?id=SCOT%2FBURGESS%2F0043339
John,Steyne,1596,Glasgow,Lanarkshire,Burgesses & Guild Brethren Of Glasgow 1573-1750,https://www.findmypast.co.uk/transcript?id=SCOT%2FBURGESS%2F0043340
Allan,Steynsoun,1577,Glasgow,Lanarkshire,Burgesses & Guild Brethren Of Glasgow 1573-1750,https://www.findmypast.co.uk/transcript?id=SCOT%2FBURGESS%2F0043343
Robert,Steynsoun,1577,Glasgow,Lanarkshire,Burgesses & Guild Brethren Of Glasgow 1573-1750,https://www.findmypast.co.uk/transcript?id=SCOT%2FBURGESS%2F0043344
Robert,Steynsoune,1576-77,Glasgow,Lanarkshire,Burgesses & Guild Brethren Of Glasgow 1573-1750,https://www.findmypast.co.uk/transcript?id=SCOT%2FBURGESS%2F0043345
Quostantyne,Steynstoune,1594,Glasgow,Lanarkshire,Burgesses & Guild Brethren Of Glasgow 1573-1750,https://www.findmypast.co.uk/transcript?id=SCOT%2FBURGESS%2F0043346
James,Stirling,1599,Glasgow,Lanarkshire,Burgesses & Guild Brethren Of Glasgow 1573-1750,https://www.findmypast.co.uk/transcript?id=SCOT%2FBURGESS%2F0043358
Malcolm,Stirueling,1596,Glasgow,Lanarkshire,Burgesses & Guild Brethren Of Glasgow 1573-1750,https://www.findmypast.co.uk/transcript?id=SCOT%2FBURGESS%2F0043479
William,Stobo,1596,Glasgow,Lanarkshire,Burgesses & Guild Brethren Of Glasgow 1573-1750,https://www.findmypast.co.uk/transcript?id=SCOT%2FBURGESS%2F0043499
John,Struiling,1581,Glasgow,Lanarkshire,Burgesses & Guild Brethren Of Glasgow 1573-1750,https://www.findmypast.co.uk/transcript?id=SCOT%2FBURGESS%2F0043593
William,Strutheris,1579,Glasgow,Lanarkshire,Burgesses & Guild Brethren Of Glasgow 1573-1750,https://www.findmypast.co.uk/transcript?id=SCOT%2FBURGESS%2F0043595
Allan,Stynsone,1595,Glasgow,Lanarkshire,Burgesses & Guild Brethren Of Glasgow 1573-1750,https://www.findmypast.co.uk/transcript?id=SCOT%2FBURGESS%2F0043645
Archibald,Sutherland,1596,Glasgow,Lanarkshire,Burgesses & Guild Brethren Of Glasgow 1573-1750,https://www.findmypast.co.uk/transcript?id=SCOT%2FBURGESS%2F0043670
David,Syare,1598,Glasgow,Lanarkshire,Burgesses & Guild Brethren Of Glasgow 1573-1750,https://www.findmypast.co.uk/transcript?id=SCOT%2FBURGESS%2F0043715
James,Syare,1575-76,Glasgow,Lanarkshire,Burgesses & Guild Brethren Of Glasgow 1573-1750,https://www.findmypast.co.uk/transcript?id=SCOT%2FBURGESS%2F0043714
James,Symmentoun,1578,Glasgow,Lanarkshire,Burgesses & Guild Brethren Of Glasgow 1573-1750,https://www.findmypast.co.uk/transcript?id=SCOT%2FBURGESS%2F0043758
Andrew,Symmer,1585-86,Glasgow,Lanarkshire,Burgesses & Guild Brethren Of Glasgow 1573-1750,https://www.findmypast.co.uk/transcript?id=SCOT%2FBURGESS%2F0043759
Alexander,Symontoun,1578-79,Glasgow,Lanarkshire,Burgesses & Guild Brethren Of Glasgow 1573-1750,https://www.findmypast.co.uk/transcript?id=SCOT%2FBURGESS%2F0043764
James,Sympill,1574,Glasgow,Lanarkshire,Burgesses & Guild Brethren Of Glasgow 1573-1750,https://www.findmypast.co.uk/transcript?id=SCOT%2FBURGESS%2F0043766
James,Sympill,1599,Glasgow,Lanarkshire,Burgesses & Guild Brethren Of Glasgow 1573-1750,https://www.findmypast.co.uk/transcript?id=SCOT%2FBURGESS%2F0043767
Robert,Symple,1585,Glasgow,Lanarkshire,Burgesses & Guild Brethren Of Glasgow 1573-1750,https://www.findmypast.co.uk/transcript?id=SCOT%2FBURGESS%2F0043771
William,Sympsone,1595,Glasgow,Lanarkshire,Burgesses & Guild Brethren Of Glasgow 1573-1750,https://www.findmypast.co.uk/transcript?id=SCOT%2FBURGESS%2F0043779
Peter,Symyntoun,1583,Glasgow,Lanarkshire,Burgesses & Guild Brethren Of Glasgow 1573-1750,https://www.findmypast.co.uk/transcript?id=SCOT%2FBURGESS%2F0043792
Thomas,Synpe,1584,Glasgow,Lanarkshire,Burgesses & Guild Brethren Of Glasgow 1573-1750,https://www.findmypast.co.uk/transcript?id=SCOT%2FBURGESS%2F0043793
George,Taccatis,1589,Glasgow,Lanarkshire,Burgesses & Guild Brethren Of Glasgow 1573-1750,https://www.findmypast.co.uk/transcript?id=SCOT%2FBURGESS%2F0043795
Archibald,Tailzeor,1583,Glasgow,Lanarkshire,Burgesses & Guild Brethren Of Glasgow 1573-1750,https://www.findmypast.co.uk/transcript?id=SCOT%2FBURGESS%2F0043807
Malcolm,Tailzeor,1589,Glasgow,Lanarkshire,Burgesses & Guild Brethren Of Glasgow 1573-1750,https://www.findmypast.co.uk/transcript?id=SCOT%2FBURGESS%2F0043808
James,Tailzour,1584-85,Glasgow,Lanarkshire,Burgesses & Guild Brethren Of Glasgow 1573-1750,https://www.findmypast.co.uk/transcript?id=SCOT%2FBURGESS%2F0043809
John,Tassy,1594,Glasgow,Lanarkshire,Burgesses & Guild Brethren Of Glasgow 1573-1750,https://www.findmypast.co.uk/transcript?id=SCOT%2FBURGESS%2F0043886
William,Thomesoun,1598-99,Glasgow,Lanarkshire,Burgesses & Guild Brethren Of Glasgow 1573-1750,https://www.findmypast.co.uk/transcript?id=SCOT%2FBURGESS%2F0044158
Andrew,Thomson,1578,Glasgow,Lanarkshire,Burgesses & Guild Brethren Of Glasgow 1573-1750,https://www.findmypast.co.uk/transcript?id=SCOT%2FBURGESS%2F0044339
George,Thomson,1589,Glasgow,Lanarkshire,Burgesses & Guild Brethren Of Glasgow 1573-1750,https://www.findmypast.co.uk/transcript?id=SCOT%2FBURGESS%2F0044341
James,Thomson,1595,Glasgow,Lanarkshire,Burgesses & Guild Brethren Of Glasgow 1573-1750,https://www.findmypast.co.uk/transcript?id=SCOT%2FBURGESS%2F0044342
Walter,Thomson,1584,Glasgow,Lanarkshire,Burgesses & Guild Brethren Of Glasgow 1573-1750,https://www.findmypast.co.uk/transcript?id=SCOT%2FBURGESS%2F0044340
John,Towris,1599,Glasgow,Lanarkshire,Burgesses & Guild Brethren Of Glasgow 1573-1750,https://www.findmypast.co.uk/transcript?id=SCOT%2FBURGESS%2F0044604
Robert,Trumbell,1583,Glasgow,Lanarkshire,Burgesses & Guild Brethren Of Glasgow 1573-1750,https://www.findmypast.co.uk/transcript?id=SCOT%2FBURGESS%2F0044627
John,Trumble,1574,Glasgow,Lanarkshire,Burgesses & Guild Brethren Of Glasgow 1573-1750,https://www.findmypast.co.uk/transcript?id=SCOT%2FBURGESS%2F0044629
Matthew,Trumble,1584,Glasgow,Lanarkshire,Burgesses & Guild Brethren Of Glasgow 1573-1750,https://www.findmypast.co.uk/transcript?id=SCOT%2FBURGESS%2F0044630
John,Turfis,1579,Glasgow,Lanarkshire,Burgesses & Guild Brethren Of Glasgow 1573-1750,https://www.findmypast.co.uk/transcript?id=SCOT%2FBURGESS%2F0044642
William,Waddell,1584-85,Glasgow,Lanarkshire,Burgesses & Guild Brethren Of Glasgow 1573-1750,https://www.findmypast.co.uk/transcript?id=SCOT%2FBURGESS%2F0044940
Patrick,Walker,1584,Glasgow,Lanarkshire,Burgesses & Guild Brethren Of Glasgow 1573-1750,https://www.findmypast.co.uk/transcript?id=SCOT%2FBURGESS%2F0045060
James,Walkinschaw,1596,Glasgow,Lanarkshire,Burgesses & Guild Brethren Of Glasgow 1573-1750,https://www.findmypast.co.uk/transcript?id=SCOT%2FBURGESS%2F0045101
John,Wallace,1584,Glasgow,Lanarkshire,Burgesses & Guild Brethren Of Glasgow 1573-1750,https://www.findmypast.co.uk/transcript?id=SCOT%2FBURGESS%2F0045146
Robert,Wallace,1595,Glasgow,Lanarkshire,Burgesses & Guild Brethren Of Glasgow 1573-1750,https://www.findmypast.co.uk/transcript?id=SCOT%2FBURGESS%2F0045147
Allan,Watson,1588-89,Glasgow,Lanarkshire,Burgesses & Guild Brethren Of Glasgow 1573-1750,https://www.findmypast.co.uk/transcript?id=SCOT%2FBURGESS%2F0045515
James,Watson,1577,Glasgow,Lanarkshire,Burgesses & Guild Brethren Of Glasgow 1573-1750,https://www.findmypast.co.uk/transcript?id=SCOT%2FBURGESS%2F0045512
John,Watson,1584-85,Glasgow,Lanarkshire,Burgesses & Guild Brethren Of Glasgow 1573-1750,https://www.findmypast.co.uk/transcript?id=SCOT%2FBURGESS%2F0045514
John,Watson,1584,Glasgow,Lanarkshire,Burgesses & Guild Brethren Of Glasgow 1573-1750,https://www.findmypast.co.uk/transcript?id=SCOT%2FBURGESS%2F0045513
John,Watson,1596,Glasgow,Lanarkshire,Burgesses & Guild Brethren Of Glasgow 1573-1750,https://www.findmypast.co.uk/transcript?id=SCOT%2FBURGESS%2F0045516
Patrick,Watson,1575,Glasgow,Lanarkshire,Burgesses & Guild Brethren Of Glasgow 1573-1750,https://www.findmypast.co.uk/transcript?id=SCOT%2FBURGESS%2F0045511
Bartilhamow,Watt,1576,Glasgow,Lanarkshire,Burgesses & Guild Brethren Of Glasgow 1573-1750,https://www.findmypast.co.uk/transcript?id=SCOT%2FBURGESS%2F0045636
James,Watt,1595,Glasgow,Lanarkshire,Burgesses & Guild Brethren Of Glasgow 1573-1750,https://www.findmypast.co.uk/transcript?id=SCOT%2FBURGESS%2F0045637
William,Weir,1595,Glasgow,Lanarkshire,Burgesses & Guild Brethren Of Glasgow 1573-1750,https://www.findmypast.co.uk/transcript?id=SCOT%2FBURGESS%2F0045715
John,Weyir,1599,Glasgow,Lanarkshire,Burgesses & Guild Brethren Of Glasgow 1573-1750,https://www.findmypast.co.uk/transcript?id=SCOT%2FBURGESS%2F0045773
George,Wilkin,1589,Glasgow,Lanarkshire,Burgesses & Guild Brethren Of Glasgow 1573-1750,https://www.findmypast.co.uk/transcript?id=SCOT%2FBURGESS%2F0045995
John,Will,1577,Glasgow,Lanarkshire,Burgesses & Guild Brethren Of Glasgow 1573-1750,https://www.findmypast.co.uk/transcript?id=SCOT%2FBURGESS%2F0046004
John,Will,1582,Glasgow,Lanarkshire,Burgesses & Guild Brethren Of Glasgow 1573-1750,https://www.findmypast.co.uk/transcript?id=SCOT%2FBURGESS%2F0046005
Andrew,Williamson,1599,Glasgow,Lanarkshire,Burgesses & Guild Brethren Of Glasgow 1573-1750,https://www.findmypast.co.uk/transcript?id=SCOT%2FBURGESS%2F0046063
James,Williamson,1596-97,Glasgow,Lanarkshire,Burgesses & Guild Brethren Of Glasgow 1573-1750,https://www.findmypast.co.uk/transcript?id=SCOT%2FBURGESS%2F0046062
Archibald,Wilson,1577,Glasgow,Lanarkshire,Burgesses & Guild Brethren Of Glasgow 1573-1750,https://www.findmypast.co.uk/transcript?id=SCOT%2FBURGESS%2F0046291
Archibald,Wilson,1578,Glasgow,Lanarkshire,Burgesses & Guild Brethren Of Glasgow 1573-1750,https://www.findmypast.co.uk/transcript?id=SCOT%2FBURGESS%2F0046293
Charles,Wilson,1575-76,Glasgow,Lanarkshire,Burgesses & Guild Brethren Of Glasgow 1573-1750,https://www.findmypast.co.uk/transcript?id=SCOT%2FBURGESS%2F0046290
Constantine,Wilson,1575,Glasgow,Lanarkshire,Burgesses & Guild Brethren Of Glasgow 1573-1750,https://www.findmypast.co.uk/transcript?id=SCOT%2FBURGESS%2F0046289
David,Wilson,1579,Glasgow,Lanarkshire,Burgesses & Guild Brethren Of Glasgow 1573-1750,https://www.findmypast.co.uk/transcript?id=SCOT%2FBURGESS%2F0046296
David,Wilson,1580,Glasgow,Lanarkshire,Burgesses & Guild Brethren Of Glasgow 1573-1750,https://www.findmypast.co.uk/transcript?id=SCOT%2FBURGESS%2F0046299
Gavin,Wilson,1582,Glasgow,Lanarkshire,Burgesses & Guild Brethren Of Glasgow 1573-1750,https://www.findmypast.co.uk/transcript?id=SCOT%2FBURGESS%2F0046300
George,Wilson,1583,Glasgow,Lanarkshire,Burgesses & Guild Brethren Of Glasgow 1573-1750,https://www.findmypast.co.uk/transcript?id=SCOT%2FBURGESS%2F0046302
Henry,Wilson,1580,Glasgow,Lanarkshire,Burgesses & Guild Brethren Of Glasgow 1573-1750,https://www.findmypast.co.uk/transcript?id=SCOT%2FBURGESS%2F0046298
John,Wilson,1579,Glasgow,Lanarkshire,Burgesses & Guild Brethren Of Glasgow 1573-1750,https://www.findmypast.co.uk/transcript?id=SCOT%2FBURGESS%2F0046297
John,Wilson,1598-99,Glasgow,Lanarkshire,Burgesses & Guild Brethren Of Glasgow 1573-1750,https://www.findmypast.co.uk/transcript?id=SCOT%2FBURGESS%2F0046307
John,Wilson,1599,Glasgow,Lanarkshire,Burgesses & Guild Brethren Of Glasgow 1573-1750,https://www.findmypast.co.uk/transcript?id=SCOT%2FBURGESS%2F0046308
Nicol,Wilson,1582-83,Glasgow,Lanarkshire,Burgesses & Guild Brethren Of Glasgow 1573-1750,https://www.findmypast.co.uk/transcript?id=SCOT%2FBURGESS%2F0046301
Patrick,Wilson,1577,Glasgow,Lanarkshire,Burgesses & Guild Brethren Of Glasgow 1573-1750,https://www.findmypast.co.uk/transcript?id=SCOT%2FBURGESS%2F0046292
Patrick,Wilson,1578,Glasgow,Lanarkshire,Burgesses & Guild Brethren Of Glasgow 1573-1750,https://www.findmypast.co.uk/transcript?id=SCOT%2FBURGESS%2F0046295
Quostantyne,Wilson,1595,Glasgow,Lanarkshire,Burgesses & Guild Brethren Of Glasgow 1573-1750,https://www.findmypast.co.uk/transcript?id=SCOT%2FBURGESS%2F0046306
Robert,Wilson,1589,Glasgow,Lanarkshire,Burgesses & Guild Brethren Of Glasgow 1573-1750,https://www.findmypast.co.uk/transcript?id=SCOT%2FBURGESS%2F0046303
Robert,Wilson,1589,Glasgow,Lanarkshire,Burgesses & Guild Brethren Of Glasgow 1573-1750,https://www.findmypast.co.uk/transcript?id=SCOT%2FBURGESS%2F0046304
Thomas,Wilson,1594-95,Glasgow,Lanarkshire,Burgesses & Guild Brethren Of Glasgow 1573-1750,https://www.findmypast.co.uk/transcript?id=SCOT%2FBURGESS%2F0046305
William,Wilson,1578,Glasgow,Lanarkshire,Burgesses & Guild Brethren Of Glasgow 1573-1750,https://www.findmypast.co.uk/transcript?id=SCOT%2FBURGESS%2F0046294
Andrew,Wilsoun,1589,Glasgow,Lanarkshire,Burgesses & Guild Brethren Of Glasgow 1573-1750,https://www.findmypast.co.uk/transcript?id=SCOT%2FBURGESS%2F0046475
John,Wilsoun,1589,Glasgow,Lanarkshire,Burgesses & Guild Brethren Of Glasgow 1573-1750,https://www.findmypast.co.uk/transcript?id=SCOT%2FBURGESS%2F0046476
Allan,Winzett,1589,Glasgow,Lanarkshire,Burgesses & Guild Brethren Of Glasgow 1573-1750,https://www.findmypast.co.uk/transcript?id=SCOT%2FBURGESS%2F0046557
William,Withirspone,1583,Glasgow,Lanarkshire,Burgesses & Guild Brethren Of Glasgow 1573-1750,https://www.findmypast.co.uk/transcript?id=SCOT%2FBURGESS%2F0046587
James,Withirspune,1575-76,Glasgow,Lanarkshire,Burgesses & Guild Brethren Of Glasgow 1573-1750,https://www.findmypast.co.uk/transcript?id=SCOT%2FBURGESS%2F0046588
James,Withirspune,1578,Glasgow,Lanarkshire,Burgesses & Guild Brethren Of Glasgow 1573-1750,https://www.findmypast.co.uk/transcript?id=SCOT%2FBURGESS%2F0046589
John,Woddrop,1567,Glasgow,Lanarkshire,Incorporation Of Skinners Of Glasgow Past Deacons & Collectors,https://www.findmypast.co.uk/transcript?id=SCOT%2FBURGESS%2F1038186
John,Woddrop,1579,Glasgow,Lanarkshire,Burgesses & Guild Brethren Of Glasgow 1573-1750,https://www.findmypast.co.uk/transcript?id=SCOT%2FBURGESS%2F0046600
Archibald,Woddrope,1585,Glasgow,Lanarkshire,Burgesses & Guild Brethren Of Glasgow 1573-1750,https://www.findmypast.co.uk/transcript?id=SCOT%2FBURGESS%2F0046617
John,Wricht,1599,Glasgow,Lanarkshire,Burgesses & Guild Brethren Of Glasgow 1573-1750,https://www.findmypast.co.uk/transcript?id=SCOT%2FBURGESS%2F0046793
James,Wry,1599,Glasgow,Lanarkshire,Burgesses & Guild Brethren Of Glasgow 1573-1750,https://www.findmypast.co.uk/transcript?id=SCOT%2FBURGESS%2F0046919
John,Wyiss,1569,Glasgow,Lanarkshire,Incorporation Of Skinners Of Glasgow Past Deacons & Collectors,https://www.findmypast.co.uk/transcript?id=SCOT%2FBURGESS%2F1038244
John,Wyiss,1575,Glasgow,Lanarkshire,Incorporation Of Skinners Of Glasgow Past Deacons & Collectors,https://www.findmypast.co.uk/transcript?id=SCOT%2FBURGESS%2F1038245
John,Wyiss,1576,Glasgow,Lanarkshire,Incorporation Of Skinners Of Glasgow Past Deacons & Collectors,https://www.findmypast.co.uk/transcript?id=SCOT%2FBURGESS%2F1038246
John,Wyiss,1579,Glasgow,Lanarkshire,Incorporation Of Skinners Of Glasgow Past Deacons & Collectors,https://www.findmypast.co.uk/transcript?id=SCOT%2FBURGESS%2F1038247
Martein,Wylie,1583,Glasgow,Lanarkshire,Burgesses & Guild Brethren Of Glasgow 1573-1750,https://www.findmypast.co.uk/transcript?id=SCOT%2FBURGESS%2F0046933
William,Wylie,1575,Glasgow,Lanarkshire,Burgesses & Guild Brethren Of Glasgow 1573-1750,https://www.findmypast.co.uk/transcript?id=SCOT%2FBURGESS%2F0046932
John,Wynning,1595,Glasgow,Lanarkshire,Burgesses & Guild Brethren Of Glasgow 1573-1750,https://www.findmypast.co.uk/transcript?id=SCOT%2FBURGESS%2F0046976
Gilbert,Young,1574,Glasgow,Lanarkshire,Burgesses & Guild Brethren Of Glasgow 1573-1750,https://www.findmypast.co.uk/transcript?id=SCOT%2FBURGESS%2F0047109
James,Young,1577,Glasgow,Lanarkshire,Burgesses & Guild Brethren Of Glasgow 1573-1750,https://www.findmypast.co.uk/transcript?id=SCOT%2FBURGESS%2F0047110
James,Young,1598-99,Glasgow,Lanarkshire,Burgesses & Guild Brethren Of Glasgow 1573-1750,https://www.findmypast.co.uk/transcript?id=SCOT%2FBURGESS%2F0047117
John,Young,1580,Glasgow,Lanarkshire,Burgesses & Guild Brethren Of Glasgow 1573-1750,https://www.findmypast.co.uk/transcript?id=SCOT%2FBURGESS%2F0047111
John,Young,1596-97,Glasgow,Lanarkshire,Burgesses & Guild Brethren Of Glasgow 1573-1750,https://www.findmypast.co.uk/transcript?id=SCOT%2FBURGESS%2F0047116
Matthew,Young,1584-85,Glasgow,Lanarkshire,Burgesses & Guild Brethren Of Glasgow 1573-1750,https://www.findmypast.co.uk/transcript?id=SCOT%2FBURGESS%2F0047112
Patrick,Young,1585,Glasgow,Lanarkshire,Burgesses & Guild Brethren Of Glasgow 1573-1750,https://www.findmypast.co.uk/transcript?id=SCOT%2FBURGESS%2F0047113
Walter,Young,1596,Glasgow,Lanarkshire,Burgesses & Guild Brethren Of Glasgow 1573-1750,https://www.findmypast.co.uk/transcript?id=SCOT%2FBURGESS%2F0047115
William,Young,1595,Glasgow,Lanarkshire,Burgesses & Guild Brethren Of Glasgow 1573-1750,https://www.findmypast.co.uk/transcript?id=SCOT%2FBURGESS%2F0047114
Patrick,Zule,1581,Glasgow,Lanarkshire,Burgesses & Guild Brethren Of Glasgow 1573-1750,https://www.findmypast.co.uk/transcript?id=SCOT%2FBURGESS%2F0047259
Thomas,Zule,1577,Glasgow,Lanarkshire,Burgesses & Guild Brethren Of Glasgow 1573-1750,https://www.findmypast.co.uk/transcript?id=SCOT%2FBURGESS%2F0047258
