group_id,name,event_type,event_date,place,status,no_match_status,profile_id,candidate_decision,exact_date,exact_locality,exact_relatives,missing_for_confirmation,profile_url
fmp-glasgow-015f1040785c,James Glasgow,baptism,19 Aug 1711,Irvine,no_confirmed_match_candidates_only,no_confirmed_match_candidates_only,Glasgow-1238,possible_candidate,False,False,False,no exact full event-date bridge; no exact locality bridge; named record relatives do not all resolve exactly on the profile,https://www.wikitree.com/wiki/Glasgow-1238
fmp-glasgow-02653182f969,Edward Glasgow,Rate Books,1726,London,no_wikitree_match_found,no_wikitree_match_found,,no_candidate,,,,,
fmp-glasgow-033cb073721c,William Glasgow,baptism,12 Jun 1733,Dundonald,no_confirmed_match_candidates_only,no_confirmed_match_candidates_only,Glasgow-2426,possible_candidate,False,False,False,no exact full event-date bridge; no exact locality bridge; named record relatives do not all resolve exactly on the profile,https://www.wikitree.com/wiki/Glasgow-2426
fmp-glasgow-0840d67a902e,Mary Glasgow,baptism,23 Jun 1713,Irvine,no_confirmed_match_candidates_only,no_confirmed_match_candidates_only,Montfort-466,possible_candidate,False,False,False,no exact full event-date bridge; no exact locality bridge; named record relatives do not all resolve exactly on the profile,https://www.wikitree.com/wiki/Montfort-466
fmp-glasgow-085f2bfa8f46,Mary Glasgow,baptism,23 Jan 1732,Livingston,no_confirmed_match_candidates_only,no_confirmed_match_candidates_only,Barber-16725,possible_candidate,False,False,False,no exact full event-date bridge; no exact locality bridge; named record relatives do not all resolve exactly on the profile,https://www.wikitree.com/wiki/Barber-16725
fmp-glasgow-085f2bfa8f46,Mary Glasgow,baptism,23 Jan 1732,Livingston,no_confirmed_match_candidates_only,no_confirmed_match_candidates_only,Glasgow-1240,possible_candidate,True,True,False,named record relatives do not all resolve exactly on the profile,https://www.wikitree.com/wiki/Glasgow-1240
fmp-glasgow-085f2bfa8f46,Mary Glasgow,baptism,23 Jan 1732,Livingston,no_confirmed_match_candidates_only,no_confirmed_match_candidates_only,Robertson-20326,possible_candidate,False,False,False,no exact full event-date bridge; no exact locality bridge; named record relatives do not all resolve exactly on the profile,https://www.wikitree.com/wiki/Robertson-20326
fmp-glasgow-0c2f6ea005a4,Marion Glasgow,baptism,14 Jan 1701,Irvine,no_confirmed_match_candidates_only,no_confirmed_match_candidates_only,Glasgow-1428,possible_candidate,True,True,False,named record relatives do not all resolve exactly on the profile,https://www.wikitree.com/wiki/Glasgow-1428
fmp-glasgow-0d518da8d557,Andrew Glasgow,baptism,25 Jan 1712,Kilwinning,no_confirmed_match_candidates_only,no_confirmed_match_candidates_only,Glasgow-1336,possible_candidate,False,False,False,no exact full event-date bridge; no exact locality bridge; named record relatives do not all resolve exactly on the profile,https://www.wikitree.com/wiki/Glasgow-1336
fmp-glasgow-0d518da8d557,Andrew Glasgow,baptism,25 Jan 1712,Kilwinning,no_confirmed_match_candidates_only,no_confirmed_match_candidates_only,Glasgow-1931,possible_candidate,False,True,False,no exact full event-date bridge; named record relatives do not all resolve exactly on the profile,https://www.wikitree.com/wiki/Glasgow-1931
fmp-glasgow-0d71c81e6f86,Thomas Glasgow,baptism,15 Jun 1715,Edinburgh,confirmed_match,not_applicable_confirmed,Glasgow-1243,confirmed_match,True,True,True,,https://www.wikitree.com/wiki/Glasgow-1243
fmp-glasgow-0df4776b5b6a,James Glasgow,apprenticeship,12 Nov 1656,Edinburgh,no_confirmed_match_candidates_only,no_confirmed_match_candidates_only,Glasgow-1150,possible_candidate,False,False,False,profile has no structured field for this non-vital event; no exact full event-date bridge; no exact locality bridge; named record relatives do not all resolve exactly on the profile,https://www.wikitree.com/wiki/Glasgow-1150
fmp-glasgow-0df4776b5b6a,James Glasgow,apprenticeship,12 Nov 1656,Edinburgh,no_confirmed_match_candidates_only,no_confirmed_match_candidates_only,Glasgow-3077,possible_candidate,False,False,False,profile has no structured field for this non-vital event; no exact full event-date bridge; no exact locality bridge; named record relatives do not all resolve exactly on the profile,https://www.wikitree.com/wiki/Glasgow-3077
fmp-glasgow-0df4776b5b6a,James Glasgow,apprenticeship,12 Nov 1656,Edinburgh,no_confirmed_match_candidates_only,no_confirmed_match_candidates_only,Glasgow-3172,possible_candidate,False,False,False,profile has no structured field for this non-vital event; no exact full event-date bridge; no exact locality bridge; named record relatives do not all resolve exactly on the profile,https://www.wikitree.com/wiki/Glasgow-3172
fmp-glasgow-0df4776b5b6a,James Glasgow,apprenticeship,12 Nov 1656,Edinburgh,no_confirmed_match_candidates_only,no_confirmed_match_candidates_only,Glasgow-3332,possible_candidate,False,False,False,profile has no structured field for this non-vital event; no exact full event-date bridge; no exact locality bridge; named record relatives do not all resolve exactly on the profile,https://www.wikitree.com/wiki/Glasgow-3332
fmp-glasgow-0df4776b5b6a,James Glasgow,apprenticeship,12 Nov 1656,Edinburgh,no_confirmed_match_candidates_only,no_confirmed_match_candidates_only,Glasgow-3337,possible_candidate,False,False,False,profile has no structured field for this non-vital event; no exact full event-date bridge; no exact locality bridge; named record relatives do not all resolve exactly on the profile,https://www.wikitree.com/wiki/Glasgow-3337
fmp-glasgow-0df4776b5b6a,James Glasgow,apprenticeship,12 Nov 1656,Edinburgh,no_confirmed_match_candidates_only,no_confirmed_match_candidates_only,Glasgow-3923,possible_candidate,False,False,False,profile has no structured field for this non-vital event; no exact full event-date bridge; no exact locality bridge; named record relatives do not all resolve exactly on the profile,https://www.wikitree.com/wiki/Glasgow-3923
fmp-glasgow-0df4776b5b6a,James Glasgow,apprenticeship,12 Nov 1656,Edinburgh,no_confirmed_match_candidates_only,no_confirmed_match_candidates_only,Glasgow-635,possible_candidate,False,False,False,profile has no structured field for this non-vital event; no exact full event-date bridge; no exact locality bridge; named record relatives do not all resolve exactly on the profile,https://www.wikitree.com/wiki/Glasgow-635
fmp-glasgow-0df4776b5b6a,James Glasgow,apprenticeship,12 Nov 1656,Edinburgh,no_confirmed_match_candidates_only,no_confirmed_match_candidates_only,Glasgow-991,possible_candidate,False,False,False,profile has no structured field for this non-vital event; no exact full event-date bridge; no exact locality bridge; named record relatives do not all resolve exactly on the profile,https://www.wikitree.com/wiki/Glasgow-991
fmp-glasgow-10c6b4b0ab3d,George Glasgow,baptism,20 Nov 1687,Kilwinning,confirmed_match,not_applicable_confirmed,Glasgow-1058,confirmed_match,True,True,True,,https://www.wikitree.com/wiki/Glasgow-1058
fmp-glasgow-1101de150c7c,Margaret Glasgow,baptism,19 Mar 1702,Kilbirnie,no_confirmed_match_candidates_only,no_confirmed_match_candidates_only,Glasgow-3548,possible_candidate,True,False,False,no exact locality bridge; named record relatives do not all resolve exactly on the profile,https://www.wikitree.com/wiki/Glasgow-3548
fmp-glasgow-1101de150c7c,Margaret Glasgow,baptism,19 Mar 1702,Kilbirnie,no_confirmed_match_candidates_only,no_confirmed_match_candidates_only,Martin-103040,possible_candidate,False,False,False,no exact full event-date bridge; no exact locality bridge; named record relatives do not all resolve exactly on the profile,https://www.wikitree.com/wiki/Martin-103040
fmp-glasgow-1101de150c7c,Margaret Glasgow,baptism,19 Mar 1702,Kilbirnie,no_confirmed_match_candidates_only,no_confirmed_match_candidates_only,Moultrie-158,possible_candidate,False,False,False,no exact full event-date bridge; no exact locality bridge; named record relatives do not all resolve exactly on the profile,https://www.wikitree.com/wiki/Moultrie-158
fmp-glasgow-11135d44133e,Elizabeth Glasgow,baptism,24 Jul 1737,Irvine,no_wikitree_match_found,no_wikitree_match_found,,no_candidate,,,,,
fmp-glasgow-11443ace3ea2,Agnes Glasgow,burial,07 Apr ?,Kirknewton & East Calder,no_confirmed_match_candidates_only,no_confirmed_match_candidates_only,Glasgow-32,possible_candidate,False,False,False,no exact full event-date bridge; no exact locality bridge; record supplies no relative bridge,https://www.wikitree.com/wiki/Glasgow-32
fmp-glasgow-11443ace3ea2,Agnes Glasgow,burial,07 Apr ?,Kirknewton & East Calder,no_confirmed_match_candidates_only,no_confirmed_match_candidates_only,Glasgow-993,possible_candidate,False,False,False,no exact full event-date bridge; no exact locality bridge; record supplies no relative bridge,https://www.wikitree.com/wiki/Glasgow-993
fmp-glasgow-11443ace3ea2,Agnes Glasgow,burial,07 Apr ?,Kirknewton & East Calder,no_confirmed_match_candidates_only,no_confirmed_match_candidates_only,Thomsone-70,possible_candidate,False,False,False,no exact full event-date bridge; no exact locality bridge; record supplies no relative bridge,https://www.wikitree.com/wiki/Thomsone-70
fmp-glasgow-12395e3a9d9b,Joan Glasgow,baptism,19 Jul 1702,Stevenston,no_wikitree_match_found,no_wikitree_match_found,,no_candidate,,,,,
fmp-glasgow-127f48ecaa12,Wm Glasgow,covenanter record,,Roxburghshire,no_confirmed_match_candidates_only,no_confirmed_match_candidates_only,Glasgow-1026,possible_candidate,False,False,False,profile has no structured field for this non-vital event; no exact full event-date bridge; no exact locality bridge; record supplies no relative bridge,https://www.wikitree.com/wiki/Glasgow-1026
fmp-glasgow-127f48ecaa12,Wm Glasgow,covenanter record,,Roxburghshire,no_confirmed_match_candidates_only,no_confirmed_match_candidates_only,Glasgow-1087,possible_candidate,False,False,False,profile has no structured field for this non-vital event; no exact full event-date bridge; no exact locality bridge; record supplies no relative bridge,https://www.wikitree.com/wiki/Glasgow-1087
fmp-glasgow-127f48ecaa12,Wm Glasgow,covenanter record,,Roxburghshire,no_confirmed_match_candidates_only,no_confirmed_match_candidates_only,Glasgow-1521,possible_candidate,False,False,False,profile has no structured field for this non-vital event; no exact full event-date bridge; no exact locality bridge; record supplies no relative bridge,https://www.wikitree.com/wiki/Glasgow-1521
fmp-glasgow-127f48ecaa12,Wm Glasgow,covenanter record,,Roxburghshire,no_confirmed_match_candidates_only,no_confirmed_match_candidates_only,Glasgow-1556,possible_candidate,False,False,False,profile has no structured field for this non-vital event; no exact full event-date bridge; no exact locality bridge; record supplies no relative bridge,https://www.wikitree.com/wiki/Glasgow-1556
fmp-glasgow-127f48ecaa12,Wm Glasgow,covenanter record,,Roxburghshire,no_confirmed_match_candidates_only,no_confirmed_match_candidates_only,Glasgow-1605,possible_candidate,False,False,False,profile has no structured field for this non-vital event; no exact full event-date bridge; no exact locality bridge; record supplies no relative bridge,https://www.wikitree.com/wiki/Glasgow-1605
fmp-glasgow-127f48ecaa12,Wm Glasgow,covenanter record,,Roxburghshire,no_confirmed_match_candidates_only,no_confirmed_match_candidates_only,Glasgow-2436,possible_candidate,False,False,False,profile has no structured field for this non-vital event; no exact full event-date bridge; no exact locality bridge; record supplies no relative bridge,https://www.wikitree.com/wiki/Glasgow-2436
fmp-glasgow-127f48ecaa12,Wm Glasgow,covenanter record,,Roxburghshire,no_confirmed_match_candidates_only,no_confirmed_match_candidates_only,Glasgow-2453,possible_candidate,False,False,False,profile has no structured field for this non-vital event; no exact full event-date bridge; no exact locality bridge; record supplies no relative bridge,https://www.wikitree.com/wiki/Glasgow-2453
fmp-glasgow-127f48ecaa12,Wm Glasgow,covenanter record,,Roxburghshire,no_confirmed_match_candidates_only,no_confirmed_match_candidates_only,Glasgow-2462,possible_candidate,False,False,False,profile has no structured field for this non-vital event; no exact full event-date bridge; no exact locality bridge; record supplies no relative bridge,https://www.wikitree.com/wiki/Glasgow-2462
fmp-glasgow-127f48ecaa12,Wm Glasgow,covenanter record,,Roxburghshire,no_confirmed_match_candidates_only,no_confirmed_match_candidates_only,Glasgow-3080,possible_candidate,False,False,False,profile has no structured field for this non-vital event; no exact full event-date bridge; no exact locality bridge; record supplies no relative bridge,https://www.wikitree.com/wiki/Glasgow-3080
fmp-glasgow-127f48ecaa12,Wm Glasgow,covenanter record,,Roxburghshire,no_confirmed_match_candidates_only,no_confirmed_match_candidates_only,Glasgow-3446,possible_candidate,False,False,False,profile has no structured field for this non-vital event; no exact full event-date bridge; no exact locality bridge; record supplies no relative bridge,https://www.wikitree.com/wiki/Glasgow-3446
fmp-glasgow-127f48ecaa12,Wm Glasgow,covenanter record,,Roxburghshire,no_confirmed_match_candidates_only,no_confirmed_match_candidates_only,Glasgow-3517,possible_candidate,False,False,False,profile has no structured field for this non-vital event; no exact full event-date bridge; no exact locality bridge; record supplies no relative bridge,https://www.wikitree.com/wiki/Glasgow-3517
fmp-glasgow-127f48ecaa12,Wm Glasgow,covenanter record,,Roxburghshire,no_confirmed_match_candidates_only,no_confirmed_match_candidates_only,Glasgow-591,possible_candidate,False,False,False,profile has no structured field for this non-vital event; no exact full event-date bridge; no exact locality bridge; record supplies no relative bridge,https://www.wikitree.com/wiki/Glasgow-591
fmp-glasgow-127f48ecaa12,Wm Glasgow,covenanter record,,Roxburghshire,no_confirmed_match_candidates_only,no_confirmed_match_candidates_only,Glasgow-992,possible_candidate,False,False,False,profile has no structured field for this non-vital event; no exact full event-date bridge; no exact locality bridge; record supplies no relative bridge,https://www.wikitree.com/wiki/Glasgow-992
fmp-glasgow-13b02996f4c1,James Glasgow,baptism,12 Dec 1736,Kilwinning,no_confirmed_match_candidates_only,no_confirmed_match_candidates_only,Glasgow-1120,possible_candidate,False,False,False,no exact full event-date bridge; no exact locality bridge; named record relatives do not all resolve exactly on the profile,https://www.wikitree.com/wiki/Glasgow-1120
fmp-glasgow-13b02996f4c1,James Glasgow,baptism,12 Dec 1736,Kilwinning,no_confirmed_match_candidates_only,no_confirmed_match_candidates_only,Glasgow-1469,possible_candidate,False,False,False,no exact full event-date bridge; no exact locality bridge; named record relatives do not all resolve exactly on the profile,https://www.wikitree.com/wiki/Glasgow-1469
fmp-glasgow-13b02996f4c1,James Glasgow,baptism,12 Dec 1736,Kilwinning,no_confirmed_match_candidates_only,no_confirmed_match_candidates_only,Glasgow-1509,possible_candidate,False,False,False,no exact full event-date bridge; no exact locality bridge; named record relatives do not all resolve exactly on the profile,https://www.wikitree.com/wiki/Glasgow-1509
fmp-glasgow-13b02996f4c1,James Glasgow,baptism,12 Dec 1736,Kilwinning,no_confirmed_match_candidates_only,no_confirmed_match_candidates_only,Glasgow-634,possible_candidate,False,False,False,no exact full event-date bridge; no exact locality bridge; named record relatives do not all resolve exactly on the profile,https://www.wikitree.com/wiki/Glasgow-634
fmp-glasgow-13b02996f4c1,James Glasgow,baptism,12 Dec 1736,Kilwinning,no_confirmed_match_candidates_only,no_confirmed_match_candidates_only,Glasgow-804,possible_candidate,False,False,False,no exact full event-date bridge; no exact locality bridge; named record relatives do not all resolve exactly on the profile,https://www.wikitree.com/wiki/Glasgow-804
fmp-glasgow-147e2ed3dceb,Jean Glasgow,baptism,28 Sep 1703,Irvine,no_confirmed_match_candidates_only,no_confirmed_match_candidates_only,Glasgow-1621,possible_candidate,True,True,False,named record relatives do not all resolve exactly on the profile,https://www.wikitree.com/wiki/Glasgow-1621
fmp-glasgow-152ca76d3669,John Glasgow,baptism,02 Jul 1721,Kilwinning,confirmed_match,not_applicable_confirmed,Glasgow-1062,confirmed_match,True,True,True,,https://www.wikitree.com/wiki/Glasgow-1062
fmp-glasgow-152ca76d3669,John Glasgow,baptism,02 Jul 1721,Kilwinning,confirmed_match,not_applicable_confirmed,Glasgow-1139,possible_candidate,False,False,False,no exact full event-date bridge; no exact locality bridge; named record relatives do not all resolve exactly on the profile,https://www.wikitree.com/wiki/Glasgow-1139
fmp-glasgow-152ca76d3669,John Glasgow,baptism,02 Jul 1721,Kilwinning,confirmed_match,not_applicable_confirmed,Glasgow-1930,possible_candidate,False,True,False,no exact full event-date bridge; named record relatives do not all resolve exactly on the profile,https://www.wikitree.com/wiki/Glasgow-1930
fmp-glasgow-152ca76d3669,John Glasgow,baptism,02 Jul 1721,Kilwinning,confirmed_match,not_applicable_confirmed,Glasgow-2870,possible_candidate,False,False,False,no exact full event-date bridge; no exact locality bridge; named record relatives do not all resolve exactly on the profile,https://www.wikitree.com/wiki/Glasgow-2870
fmp-glasgow-171b8d89cd68,Elizabeth Glasgow,baptism,12 Nov 1710,Irvine,no_confirmed_match_candidates_only,no_confirmed_match_candidates_only,Glasgow-1409,possible_candidate,True,True,False,named record relatives do not all resolve exactly on the profile,https://www.wikitree.com/wiki/Glasgow-1409
fmp-glasgow-17ba21591d7d,Jon Glasgow,baptism,06 Jul 1679,Kilwinning,no_wikitree_match_found,no_wikitree_match_found,,no_candidate,,,,,
fmp-glasgow-196d95f7f8ae,John Glasgow,baptism,,Linlithgow,no_confirmed_match_candidates_only,no_confirmed_match_candidates_only,Glasgow-1927,possible_candidate,False,True,True,no exact full event-date bridge,https://www.wikitree.com/wiki/Glasgow-1927
fmp-glasgow-196d95f7f8ae,John Glasgow,baptism,,Linlithgow,no_confirmed_match_candidates_only,no_confirmed_match_candidates_only,Glasgow-3087,possible_candidate,False,False,False,no exact full event-date bridge; no exact locality bridge; named record relatives do not all resolve exactly on the profile,https://www.wikitree.com/wiki/Glasgow-3087
fmp-glasgow-1acad1415f85,Euphan Glasgow,baptism,10 Aug 1718,Stevenston,no_wikitree_match_found,no_wikitree_match_found,,no_candidate,,,,,
fmp-glasgow-1d1ee2ce10d6,Thomas Glasgow,apprenticeship,11 Oct 1699,Edinburgh,no_confirmed_match_candidates_only,no_confirmed_match_candidates_only,Glasgow-1103,possible_candidate,False,False,False,profile has no structured field for this non-vital event; no exact full event-date bridge; no exact locality bridge; named record relatives do not all resolve exactly on the profile,https://www.wikitree.com/wiki/Glasgow-1103
fmp-glasgow-1d1ee2ce10d6,Thomas Glasgow,apprenticeship,11 Oct 1699,Edinburgh,no_confirmed_match_candidates_only,no_confirmed_match_candidates_only,Glasgow-1242,possible_candidate,False,False,False,profile has no structured field for this non-vital event; no exact full event-date bridge; no exact locality bridge; named record relatives do not all resolve exactly on the profile,https://www.wikitree.com/wiki/Glasgow-1242
fmp-glasgow-1d1ee2ce10d6,Thomas Glasgow,apprenticeship,11 Oct 1699,Edinburgh,no_confirmed_match_candidates_only,no_confirmed_match_candidates_only,Glasgow-1311,possible_candidate,False,False,False,profile has no structured field for this non-vital event; no exact full event-date bridge; no exact locality bridge; named record relatives do not all resolve exactly on the profile,https://www.wikitree.com/wiki/Glasgow-1311
fmp-glasgow-1d1ee2ce10d6,Thomas Glasgow,apprenticeship,11 Oct 1699,Edinburgh,no_confirmed_match_candidates_only,no_confirmed_match_candidates_only,Glasgow-2461,possible_candidate,False,False,False,profile has no structured field for this non-vital event; no exact full event-date bridge; no exact locality bridge; named record relatives do not all resolve exactly on the profile,https://www.wikitree.com/wiki/Glasgow-2461
fmp-glasgow-1d1ee2ce10d6,Thomas Glasgow,apprenticeship,11 Oct 1699,Edinburgh,no_confirmed_match_candidates_only,no_confirmed_match_candidates_only,Glasgow-3091,possible_candidate,False,False,True,profile has no structured field for this non-vital event; no exact full event-date bridge; no exact locality bridge,https://www.wikitree.com/wiki/Glasgow-3091
fmp-glasgow-1d1ee2ce10d6,Thomas Glasgow,apprenticeship,11 Oct 1699,Edinburgh,no_confirmed_match_candidates_only,no_confirmed_match_candidates_only,Glasgow-3187,possible_candidate,False,False,False,profile has no structured field for this non-vital event; no exact full event-date bridge; no exact locality bridge; named record relatives do not all resolve exactly on the profile,https://www.wikitree.com/wiki/Glasgow-3187
fmp-glasgow-1d1ee2ce10d6,Thomas Glasgow,apprenticeship,11 Oct 1699,Edinburgh,no_confirmed_match_candidates_only,no_confirmed_match_candidates_only,Glasgow-3285,possible_candidate,False,False,True,profile has no structured field for this non-vital event; no exact full event-date bridge; no exact locality bridge,https://www.wikitree.com/wiki/Glasgow-3285
fmp-glasgow-1d1ee2ce10d6,Thomas Glasgow,apprenticeship,11 Oct 1699,Edinburgh,no_confirmed_match_candidates_only,no_confirmed_match_candidates_only,Glasgow-3413,possible_candidate,False,False,False,profile has no structured field for this non-vital event; no exact full event-date bridge; no exact locality bridge; named record relatives do not all resolve exactly on the profile,https://www.wikitree.com/wiki/Glasgow-3413
fmp-glasgow-1f9a4ce7f9bb,Elizabeth Glasgow,baptism,10 Jun 1726,Libberton,no_confirmed_match_candidates_only,no_confirmed_match_candidates_only,Glasgow-3422,possible_candidate,False,False,False,no exact full event-date bridge; no exact locality bridge; named record relatives do not all resolve exactly on the profile,https://www.wikitree.com/wiki/Glasgow-3422
fmp-glasgow-25be316e47cf,James Glasgow,baptism,17 Mar 1700,Kilbirnie,no_confirmed_match_candidates_only,no_confirmed_match_candidates_only,Glasgow-1025,possible_candidate,False,False,False,no exact full event-date bridge; no exact locality bridge; named record relatives do not all resolve exactly on the profile,https://www.wikitree.com/wiki/Glasgow-1025
fmp-glasgow-25be316e47cf,James Glasgow,baptism,17 Mar 1700,Kilbirnie,no_confirmed_match_candidates_only,no_confirmed_match_candidates_only,Glasgow-1140,possible_candidate,True,True,False,named record relatives do not all resolve exactly on the profile,https://www.wikitree.com/wiki/Glasgow-1140
fmp-glasgow-25be316e47cf,James Glasgow,baptism,17 Mar 1700,Kilbirnie,no_confirmed_match_candidates_only,no_confirmed_match_candidates_only,Glasgow-1547,possible_candidate,False,False,False,no exact full event-date bridge; no exact locality bridge; named record relatives do not all resolve exactly on the profile,https://www.wikitree.com/wiki/Glasgow-1547
fmp-glasgow-27f929774fdc,John Glasgow,baptism,29 Mar 1731,Kilbirnie,no_confirmed_match_candidates_only,no_confirmed_match_candidates_only,Glasgow-2847,possible_candidate,False,False,False,no exact full event-date bridge; no exact locality bridge; named record relatives do not all resolve exactly on the profile,https://www.wikitree.com/wiki/Glasgow-2847
fmp-glasgow-27f929774fdc,John Glasgow,baptism,29 Mar 1731,Kilbirnie,no_confirmed_match_candidates_only,no_confirmed_match_candidates_only,Glasgow-3006,possible_candidate,False,True,False,no exact full event-date bridge; named record relatives do not all resolve exactly on the profile,https://www.wikitree.com/wiki/Glasgow-3006
fmp-glasgow-27f929774fdc,John Glasgow,baptism,29 Mar 1731,Kilbirnie,no_confirmed_match_candidates_only,no_confirmed_match_candidates_only,Glasgow-3481,possible_candidate,False,False,False,no exact full event-date bridge; no exact locality bridge; named record relatives do not all resolve exactly on the profile,https://www.wikitree.com/wiki/Glasgow-3481
fmp-glasgow-27f929774fdc,John Glasgow,baptism,29 Mar 1731,Kilbirnie,no_confirmed_match_candidates_only,no_confirmed_match_candidates_only,Glasgow-3487,possible_candidate,False,False,False,no exact full event-date bridge; no exact locality bridge; named record relatives do not all resolve exactly on the profile,https://www.wikitree.com/wiki/Glasgow-3487
fmp-glasgow-27f929774fdc,John Glasgow,baptism,29 Mar 1731,Kilbirnie,no_confirmed_match_candidates_only,no_confirmed_match_candidates_only,Glasgow-3582,possible_candidate,False,False,False,no exact full event-date bridge; no exact locality bridge; named record relatives do not all resolve exactly on the profile,https://www.wikitree.com/wiki/Glasgow-3582
fmp-glasgow-284beccbf528,Hugh Glasgow,baptism,05 Aug 1716,Kilwinning,no_confirmed_match_candidates_only,no_confirmed_match_candidates_only,Glasgow-1071,possible_candidate,True,True,False,named record relatives do not all resolve exactly on the profile,https://www.wikitree.com/wiki/Glasgow-1071
fmp-glasgow-284beccbf528,Hugh Glasgow,baptism,05 Aug 1716,Kilwinning,no_confirmed_match_candidates_only,no_confirmed_match_candidates_only,Glasgow-2448,possible_candidate,False,True,False,no exact full event-date bridge; named record relatives do not all resolve exactly on the profile,https://www.wikitree.com/wiki/Glasgow-2448
fmp-glasgow-29ccc7ac49fa,Alexander Glasgow,baptism,29 Nov 1710,Kilwinning,no_confirmed_match_candidates_only,no_confirmed_match_candidates_only,Glasgow-2712,possible_candidate,False,True,False,no exact full event-date bridge; named record relatives do not all resolve exactly on the profile,https://www.wikitree.com/wiki/Glasgow-2712
fmp-glasgow-31fbb5a88b3c,Margaret Glasgow,baptism,12 May 1717,Uphall,no_confirmed_match_candidates_only,no_confirmed_match_candidates_only,Glasgow-1236,possible_candidate,True,False,False,no exact locality bridge; named record relatives do not all resolve exactly on the profile,https://www.wikitree.com/wiki/Glasgow-1236
fmp-glasgow-31fbb5a88b3c,Margaret Glasgow,baptism,12 May 1717,Uphall,no_confirmed_match_candidates_only,no_confirmed_match_candidates_only,McCullough-1964,possible_candidate,False,False,False,no exact full event-date bridge; no exact locality bridge; named record relatives do not all resolve exactly on the profile,https://www.wikitree.com/wiki/McCullough-1964
fmp-glasgow-32828d4b64cc,Matthew Glasgow,baptism,05 Nov 1715,Kilwinning,no_confirmed_match_candidates_only,no_confirmed_match_candidates_only,Glasgow-2466,possible_candidate,False,True,True,no exact full event-date bridge,https://www.wikitree.com/wiki/Glasgow-2466
fmp-glasgow-34c58f3b2e81,George Glasgow,baptism,20 Jul 1729,Kilwinning,no_confirmed_match_candidates_only,no_confirmed_match_candidates_only,Glasgow-3312,possible_candidate,False,True,True,no exact full event-date bridge,https://www.wikitree.com/wiki/Glasgow-3312
fmp-glasgow-356a7e52dad2,Jannet Glasgow,baptism,01 Feb 1689,Kilwinning,no_confirmed_match_candidates_only,no_confirmed_match_candidates_only,Glasgow-1433,possible_candidate,True,True,False,named record relatives do not all resolve exactly on the profile,https://www.wikitree.com/wiki/Glasgow-1433
fmp-glasgow-356a7e52dad2,Jannet Glasgow,baptism,01 Feb 1689,Kilwinning,no_confirmed_match_candidates_only,no_confirmed_match_candidates_only,Kilpatrick-1635,possible_candidate,False,True,False,no exact full event-date bridge; named record relatives do not all resolve exactly on the profile,https://www.wikitree.com/wiki/Kilpatrick-1635
fmp-glasgow-364d183e66d6,Grizal Glasgow,baptism,17 May 1719,Irvine,no_confirmed_match_candidates_only,no_confirmed_match_candidates_only,Glasgow-1474,possible_candidate,True,True,False,named record relatives do not all resolve exactly on the profile,https://www.wikitree.com/wiki/Glasgow-1474
fmp-glasgow-37cd5c63b64f,Jon Glasgow,baptism,16 Sep 1683,Kilwinning,no_wikitree_match_found,no_wikitree_match_found,,no_candidate,,,,,
fmp-glasgow-3c139b35f834,Agnes Glasgow,baptism,13 Jan 1706,Irvine,no_confirmed_match_candidates_only,no_confirmed_match_candidates_only,Glasgow-1408,possible_candidate,True,True,False,named record relatives do not all resolve exactly on the profile,https://www.wikitree.com/wiki/Glasgow-1408
fmp-glasgow-3cb885e58b1b,Janet Glasgow,baptism,30 Jan 1715,Irvine,no_confirmed_match_candidates_only,no_confirmed_match_candidates_only,Glasgow-1060,possible_candidate,False,False,False,no exact full event-date bridge; no exact locality bridge; named record relatives do not all resolve exactly on the profile,https://www.wikitree.com/wiki/Glasgow-1060
fmp-glasgow-3cb885e58b1b,Janet Glasgow,baptism,30 Jan 1715,Irvine,no_confirmed_match_candidates_only,no_confirmed_match_candidates_only,Glasgow-1407,possible_candidate,True,True,False,named record relatives do not all resolve exactly on the profile,https://www.wikitree.com/wiki/Glasgow-1407
fmp-glasgow-3ee079c4b550,Marion Glasgow,baptism,10 Mar 1724,Irvine,confirmed_match,not_applicable_confirmed,Glasgow-3425,confirmed_match,True,True,True,,https://www.wikitree.com/wiki/Glasgow-3425
fmp-glasgow-41bf1c2a81a7,Robert Glasgow,baptism,01 Apr 1673,Gordon,no_confirmed_match_candidates_only,no_confirmed_match_candidates_only,Glasgow-1502,possible_candidate,False,False,True,no exact full event-date bridge; no exact locality bridge,https://www.wikitree.com/wiki/Glasgow-1502
fmp-glasgow-41bf1c2a81a7,Robert Glasgow,baptism,01 Apr 1673,Gordon,no_confirmed_match_candidates_only,no_confirmed_match_candidates_only,Glasgow-1511,possible_candidate,False,False,True,no exact full event-date bridge; no exact locality bridge,https://www.wikitree.com/wiki/Glasgow-1511
fmp-glasgow-41bf1c2a81a7,Robert Glasgow,baptism,01 Apr 1673,Gordon,no_confirmed_match_candidates_only,no_confirmed_match_candidates_only,Glasgow-3106,possible_candidate,False,True,True,no exact full event-date bridge,https://www.wikitree.com/wiki/Glasgow-3106
fmp-glasgow-44aa817ac6f9,Agnes Glasgow,baptism,18 Dec 1726,Kilwinning,no_confirmed_match_candidates_only,no_confirmed_match_candidates_only,Glasgow-2449,possible_candidate,False,True,True,no exact full event-date bridge,https://www.wikitree.com/wiki/Glasgow-2449
fmp-glasgow-44aa817ac6f9,Agnes Glasgow,baptism,18 Dec 1726,Kilwinning,no_confirmed_match_candidates_only,no_confirmed_match_candidates_only,Glasgow-87,possible_candidate,False,False,False,no exact full event-date bridge; no exact locality bridge; named record relatives do not all resolve exactly on the profile,https://www.wikitree.com/wiki/Glasgow-87
fmp-glasgow-459f84b12b5b,Robert Glasgow,baptism,07 Jan 1703,Edinburgh,confirmed_match,not_applicable_confirmed,Glasgow-2473,confirmed_match,True,True,True,,https://www.wikitree.com/wiki/Glasgow-2473
fmp-glasgow-46aec084bb6e,Thomas Glasgow,court record,22/01/1684,Dublin,no_confirmed_match_candidates_only,no_confirmed_match_candidates_only,Glasgow-3556,possible_candidate,False,False,False,profile has no structured field for this non-vital event; no exact full event-date bridge; no exact locality bridge; record supplies no relative bridge,https://www.wikitree.com/wiki/Glasgow-3556
fmp-glasgow-46aec084bb6e,Thomas Glasgow,court record,22/01/1684,Dublin,no_confirmed_match_candidates_only,no_confirmed_match_candidates_only,Glasgow-3943,possible_candidate,False,False,False,profile has no structured field for this non-vital event; no exact full event-date bridge; no exact locality bridge; record supplies no relative bridge,https://www.wikitree.com/wiki/Glasgow-3943
fmp-glasgow-46aec084bb6e,Thomas Glasgow,court record,22/01/1684,Dublin,no_confirmed_match_candidates_only,no_confirmed_match_candidates_only,Glasgow-3964,possible_candidate,False,False,False,profile has no structured field for this non-vital event; no exact full event-date bridge; no exact locality bridge; record supplies no relative bridge,https://www.wikitree.com/wiki/Glasgow-3964
fmp-glasgow-4818db15decd,Agnes Glasgow,baptism,07 Dec 1725,Irvine,no_confirmed_match_candidates_only,no_confirmed_match_candidates_only,Glasgow-2449,possible_candidate,False,False,False,no exact full event-date bridge; no exact locality bridge; named record relatives do not all resolve exactly on the profile,https://www.wikitree.com/wiki/Glasgow-2449
fmp-glasgow-4818db15decd,Agnes Glasgow,baptism,07 Dec 1725,Irvine,no_confirmed_match_candidates_only,no_confirmed_match_candidates_only,Glasgow-87,possible_candidate,False,True,False,no exact full event-date bridge; named record relatives do not all resolve exactly on the profile,https://www.wikitree.com/wiki/Glasgow-87
fmp-glasgow-49148041a172,James Glasgow,baptism,14 Jul 1689,Kilwinning,confirmed_match,not_applicable_confirmed,Glasgow-3104,confirmed_match,True,True,True,,https://www.wikitree.com/wiki/Glasgow-3104
fmp-glasgow-49148041a172,James Glasgow,baptism,14 Jul 1689,Kilwinning,confirmed_match,not_applicable_confirmed,Glasgow-3526,possible_candidate,False,False,False,no exact full event-date bridge; no exact locality bridge; named record relatives do not all resolve exactly on the profile,https://www.wikitree.com/wiki/Glasgow-3526
fmp-glasgow-4d80ed611866,George Glasgow,baptism,09 Oct 1719,Kilwinning,no_confirmed_match_candidates_only,no_confirmed_match_candidates_only,Glasgow-1070,possible_candidate,True,True,False,named record relatives do not all resolve exactly on the profile,https://www.wikitree.com/wiki/Glasgow-1070
fmp-glasgow-4dd4a8807b0c,Ralph Glasgow,baptism,,Ayr,no_confirmed_match_candidates_only,no_confirmed_match_candidates_only,Glasgow-1514,possible_candidate,False,True,False,no exact full event-date bridge; named record relatives do not all resolve exactly on the profile,https://www.wikitree.com/wiki/Glasgow-1514
fmp-glasgow-4f35a440ff3b,Jeane Glasgow,baptism,16 Apr 1697,Kilbirnie,no_confirmed_match_candidates_only,no_confirmed_match_candidates_only,Glasgow-1436,possible_candidate,True,True,False,named record relatives do not all resolve exactly on the profile,https://www.wikitree.com/wiki/Glasgow-1436
fmp-glasgow-4f46ec7b9d58,Samuel Glasgow,baptism,03 Mar 1707,Kilbirnie,no_confirmed_match_candidates_only,no_confirmed_match_candidates_only,Glasgow-3524,possible_candidate,False,True,False,no exact full event-date bridge; named record relatives do not all resolve exactly on the profile,https://www.wikitree.com/wiki/Glasgow-3524
fmp-glasgow-4f5b960fe01d,George Glasgow,court record,1724,,no_wikitree_match_found,no_wikitree_match_found,,no_candidate,,,,,
fmp-glasgow-4fed7f93e588,Andrew Glasgow,baptism,21 Dec 1729,Livingston,no_confirmed_match_candidates_only,no_confirmed_match_candidates_only,Glasgow-1239,possible_candidate,False,True,False,no exact full event-date bridge; named record relatives do not all resolve exactly on the profile,https://www.wikitree.com/wiki/Glasgow-1239
fmp-glasgow-5286617ad4ee,Margaret Glasgow,baptism,17 Feb 1717,Stevenston,no_confirmed_match_candidates_only,no_confirmed_match_candidates_only,Glasgow-1236,possible_candidate,False,False,False,no exact full event-date bridge; no exact locality bridge; named record relatives do not all resolve exactly on the profile,https://www.wikitree.com/wiki/Glasgow-1236
fmp-glasgow-5286617ad4ee,Margaret Glasgow,baptism,17 Feb 1717,Stevenston,no_confirmed_match_candidates_only,no_confirmed_match_candidates_only,McCullough-1964,possible_candidate,False,False,False,no exact full event-date bridge; no exact locality bridge; named record relatives do not all resolve exactly on the profile,https://www.wikitree.com/wiki/McCullough-1964
fmp-glasgow-5333ccc1e75f,Janet Glasgow,baptism,14 Aug 1703,Irvine,no_wikitree_match_found,no_wikitree_match_found,,no_candidate,,,,,
fmp-glasgow-54571dfc429a,Jean Glasgow,baptism,01 Oct 1732,Dundonald,no_confirmed_match_candidates_only,no_confirmed_match_candidates_only,Glasgow-1344,possible_candidate,False,False,False,no exact full event-date bridge; no exact locality bridge; named record relatives do not all resolve exactly on the profile,https://www.wikitree.com/wiki/Glasgow-1344
fmp-glasgow-54571dfc429a,Jean Glasgow,baptism,01 Oct 1732,Dundonald,no_confirmed_match_candidates_only,no_confirmed_match_candidates_only,Glasgow-1506,possible_candidate,False,False,False,no exact full event-date bridge; no exact locality bridge; named record relatives do not all resolve exactly on the profile,https://www.wikitree.com/wiki/Glasgow-1506
fmp-glasgow-54571dfc429a,Jean Glasgow,baptism,01 Oct 1732,Dundonald,no_confirmed_match_candidates_only,no_confirmed_match_candidates_only,Glasgow-3489,possible_candidate,False,False,False,no exact full event-date bridge; no exact locality bridge; named record relatives do not all resolve exactly on the profile,https://www.wikitree.com/wiki/Glasgow-3489
fmp-glasgow-54571dfc429a,Jean Glasgow,baptism,01 Oct 1732,Dundonald,no_confirmed_match_candidates_only,no_confirmed_match_candidates_only,Glasgow-810,possible_candidate,False,False,False,no exact full event-date bridge; no exact locality bridge; named record relatives do not all resolve exactly on the profile,https://www.wikitree.com/wiki/Glasgow-810
fmp-glasgow-559ab415303f,Jean Glasgow,baptism,31 Dec 1710,Kilwinning,no_confirmed_match_candidates_only,no_confirmed_match_candidates_only,Glasgow-1425,possible_candidate,False,True,False,no exact full event-date bridge; named record relatives do not all resolve exactly on the profile,https://www.wikitree.com/wiki/Glasgow-1425
fmp-glasgow-57e604589b8e,Nathaniel Glasgow,residence/migration,,Scots-Irish,no_wikitree_match_found,no_wikitree_match_found,,no_candidate,,,,,
fmp-glasgow-58900a6995c0,John Glasgow,baptism,23 Sep 1722,Libberton,no_confirmed_match_candidates_only,no_confirmed_match_candidates_only,Glasgow-1062,possible_candidate,False,False,False,no exact full event-date bridge; no exact locality bridge; named record relatives do not all resolve exactly on the profile,https://www.wikitree.com/wiki/Glasgow-1062
fmp-glasgow-58900a6995c0,John Glasgow,baptism,23 Sep 1722,Libberton,no_confirmed_match_candidates_only,no_confirmed_match_candidates_only,Glasgow-1139,possible_candidate,False,False,False,no exact full event-date bridge; no exact locality bridge; named record relatives do not all resolve exactly on the profile,https://www.wikitree.com/wiki/Glasgow-1139
fmp-glasgow-58900a6995c0,John Glasgow,baptism,23 Sep 1722,Libberton,no_confirmed_match_candidates_only,no_confirmed_match_candidates_only,Glasgow-1930,possible_candidate,False,False,False,no exact full event-date bridge; no exact locality bridge; named record relatives do not all resolve exactly on the profile,https://www.wikitree.com/wiki/Glasgow-1930
fmp-glasgow-58900a6995c0,John Glasgow,baptism,23 Sep 1722,Libberton,no_confirmed_match_candidates_only,no_confirmed_match_candidates_only,Glasgow-2870,possible_candidate,True,True,False,named record relatives do not all resolve exactly on the profile,https://www.wikitree.com/wiki/Glasgow-2870
fmp-glasgow-59dea07d1fbb,James Glasgow,apprenticeship,22 Apr 1696,Edinburgh,no_confirmed_match_candidates_only,no_confirmed_match_candidates_only,Glasgow-1150,possible_candidate,False,False,False,profile has no structured field for this non-vital event; no exact full event-date bridge; no exact locality bridge; named record relatives do not all resolve exactly on the profile,https://www.wikitree.com/wiki/Glasgow-1150
fmp-glasgow-59dea07d1fbb,James Glasgow,apprenticeship,22 Apr 1696,Edinburgh,no_confirmed_match_candidates_only,no_confirmed_match_candidates_only,Glasgow-1376,possible_candidate,False,False,False,profile has no structured field for this non-vital event; no exact full event-date bridge; no exact locality bridge; named record relatives do not all resolve exactly on the profile,https://www.wikitree.com/wiki/Glasgow-1376
fmp-glasgow-59dea07d1fbb,James Glasgow,apprenticeship,22 Apr 1696,Edinburgh,no_confirmed_match_candidates_only,no_confirmed_match_candidates_only,Glasgow-1496,possible_candidate,False,False,False,profile has no structured field for this non-vital event; no exact full event-date bridge; no exact locality bridge; named record relatives do not all resolve exactly on the profile,https://www.wikitree.com/wiki/Glasgow-1496
fmp-glasgow-59dea07d1fbb,James Glasgow,apprenticeship,22 Apr 1696,Edinburgh,no_confirmed_match_candidates_only,no_confirmed_match_candidates_only,Glasgow-2682,possible_candidate,False,False,False,profile has no structured field for this non-vital event; no exact full event-date bridge; no exact locality bridge; named record relatives do not all resolve exactly on the profile,https://www.wikitree.com/wiki/Glasgow-2682
fmp-glasgow-59dea07d1fbb,James Glasgow,apprenticeship,22 Apr 1696,Edinburgh,no_confirmed_match_candidates_only,no_confirmed_match_candidates_only,Glasgow-3001,possible_candidate,False,False,False,profile has no structured field for this non-vital event; no exact full event-date bridge; no exact locality bridge; named record relatives do not all resolve exactly on the profile,https://www.wikitree.com/wiki/Glasgow-3001
fmp-glasgow-59dea07d1fbb,James Glasgow,apprenticeship,22 Apr 1696,Edinburgh,no_confirmed_match_candidates_only,no_confirmed_match_candidates_only,Glasgow-3076,possible_candidate,False,False,True,profile has no structured field for this non-vital event; no exact full event-date bridge; no exact locality bridge,https://www.wikitree.com/wiki/Glasgow-3076
fmp-glasgow-59dea07d1fbb,James Glasgow,apprenticeship,22 Apr 1696,Edinburgh,no_confirmed_match_candidates_only,no_confirmed_match_candidates_only,Glasgow-3077,possible_candidate,False,False,False,profile has no structured field for this non-vital event; no exact full event-date bridge; no exact locality bridge; named record relatives do not all resolve exactly on the profile,https://www.wikitree.com/wiki/Glasgow-3077
fmp-glasgow-59dea07d1fbb,James Glasgow,apprenticeship,22 Apr 1696,Edinburgh,no_confirmed_match_candidates_only,no_confirmed_match_candidates_only,Glasgow-3103,possible_candidate,False,False,True,profile has no structured field for this non-vital event; no exact full event-date bridge; no exact locality bridge,https://www.wikitree.com/wiki/Glasgow-3103
fmp-glasgow-59dea07d1fbb,James Glasgow,apprenticeship,22 Apr 1696,Edinburgh,no_confirmed_match_candidates_only,no_confirmed_match_candidates_only,Glasgow-3105,possible_candidate,False,False,False,profile has no structured field for this non-vital event; no exact full event-date bridge; no exact locality bridge; named record relatives do not all resolve exactly on the profile,https://www.wikitree.com/wiki/Glasgow-3105
fmp-glasgow-59dea07d1fbb,James Glasgow,apprenticeship,22 Apr 1696,Edinburgh,no_confirmed_match_candidates_only,no_confirmed_match_candidates_only,Glasgow-3107,possible_candidate,False,False,False,profile has no structured field for this non-vital event; no exact full event-date bridge; no exact locality bridge; named record relatives do not all resolve exactly on the profile,https://www.wikitree.com/wiki/Glasgow-3107
fmp-glasgow-59dea07d1fbb,James Glasgow,apprenticeship,22 Apr 1696,Edinburgh,no_confirmed_match_candidates_only,no_confirmed_match_candidates_only,Glasgow-3332,possible_candidate,False,False,False,profile has no structured field for this non-vital event; no exact full event-date bridge; no exact locality bridge; named record relatives do not all resolve exactly on the profile,https://www.wikitree.com/wiki/Glasgow-3332
fmp-glasgow-59dea07d1fbb,James Glasgow,apprenticeship,22 Apr 1696,Edinburgh,no_confirmed_match_candidates_only,no_confirmed_match_candidates_only,Glasgow-3337,possible_candidate,False,False,False,profile has no structured field for this non-vital event; no exact full event-date bridge; no exact locality bridge; named record relatives do not all resolve exactly on the profile,https://www.wikitree.com/wiki/Glasgow-3337
fmp-glasgow-59dea07d1fbb,James Glasgow,apprenticeship,22 Apr 1696,Edinburgh,no_confirmed_match_candidates_only,no_confirmed_match_candidates_only,Glasgow-3368,possible_candidate,False,False,True,profile has no structured field for this non-vital event; no exact full event-date bridge; no exact locality bridge,https://www.wikitree.com/wiki/Glasgow-3368
fmp-glasgow-59dea07d1fbb,James Glasgow,apprenticeship,22 Apr 1696,Edinburgh,no_confirmed_match_candidates_only,no_confirmed_match_candidates_only,Glasgow-3923,possible_candidate,False,False,False,profile has no structured field for this non-vital event; no exact full event-date bridge; no exact locality bridge; named record relatives do not all resolve exactly on the profile,https://www.wikitree.com/wiki/Glasgow-3923
fmp-glasgow-59dea07d1fbb,James Glasgow,apprenticeship,22 Apr 1696,Edinburgh,no_confirmed_match_candidates_only,no_confirmed_match_candidates_only,Glasgow-3969,possible_candidate,False,False,False,profile has no structured field for this non-vital event; no exact full event-date bridge; no exact locality bridge; named record relatives do not all resolve exactly on the profile,https://www.wikitree.com/wiki/Glasgow-3969
fmp-glasgow-59dea07d1fbb,James Glasgow,apprenticeship,22 Apr 1696,Edinburgh,no_confirmed_match_candidates_only,no_confirmed_match_candidates_only,Glasgow-3971,possible_candidate,False,False,False,profile has no structured field for this non-vital event; no exact full event-date bridge; no exact locality bridge; named record relatives do not all resolve exactly on the profile,https://www.wikitree.com/wiki/Glasgow-3971
fmp-glasgow-59dea07d1fbb,James Glasgow,apprenticeship,22 Apr 1696,Edinburgh,no_confirmed_match_candidates_only,no_confirmed_match_candidates_only,Glasgow-635,possible_candidate,False,False,False,profile has no structured field for this non-vital event; no exact full event-date bridge; no exact locality bridge; named record relatives do not all resolve exactly on the profile,https://www.wikitree.com/wiki/Glasgow-635
fmp-glasgow-5b45e8687b5b,Mary Glasgow,baptism,23 Jul 1717,Kilwinning,no_confirmed_match_candidates_only,no_confirmed_match_candidates_only,Glasgow-1933,possible_candidate,False,True,False,no exact full event-date bridge; named record relatives do not all resolve exactly on the profile,https://www.wikitree.com/wiki/Glasgow-1933
fmp-glasgow-5b45e8687b5b,Mary Glasgow,baptism,23 Jul 1717,Kilwinning,no_confirmed_match_candidates_only,no_confirmed_match_candidates_only,Montfort-466,possible_candidate,False,True,False,no exact full event-date bridge; named record relatives do not all resolve exactly on the profile,https://www.wikitree.com/wiki/Montfort-466
fmp-glasgow-5d52d96b0bd3,Janet Glasgow,baptism,15 Feb 1713,Kilwinning,no_confirmed_match_candidates_only,no_confirmed_match_candidates_only,Glasgow-1060,possible_candidate,True,True,False,named record relatives do not all resolve exactly on the profile,https://www.wikitree.com/wiki/Glasgow-1060
fmp-glasgow-5d52d96b0bd3,Janet Glasgow,baptism,15 Feb 1713,Kilwinning,no_confirmed_match_candidates_only,no_confirmed_match_candidates_only,Glasgow-1407,possible_candidate,False,False,False,no exact full event-date bridge; no exact locality bridge; named record relatives do not all resolve exactly on the profile,https://www.wikitree.com/wiki/Glasgow-1407
fmp-glasgow-5d52d96b0bd3,Janet Glasgow,baptism,15 Feb 1713,Kilwinning,no_confirmed_match_candidates_only,no_confirmed_match_candidates_only,Glasgow-3550,possible_candidate,False,False,False,no exact full event-date bridge; no exact locality bridge; named record relatives do not all resolve exactly on the profile,https://www.wikitree.com/wiki/Glasgow-3550
fmp-glasgow-5f6803aafba8,Janet Glasgow,baptism,11 Feb 1711,Kilbirnie,no_confirmed_match_candidates_only,no_confirmed_match_candidates_only,Glasgow-1060,possible_candidate,False,False,False,no exact full event-date bridge; no exact locality bridge; named record relatives do not all resolve exactly on the profile,https://www.wikitree.com/wiki/Glasgow-1060
fmp-glasgow-5f6803aafba8,Janet Glasgow,baptism,11 Feb 1711,Kilbirnie,no_confirmed_match_candidates_only,no_confirmed_match_candidates_only,Glasgow-3550,possible_candidate,True,True,False,named record relatives do not all resolve exactly on the profile,https://www.wikitree.com/wiki/Glasgow-3550
fmp-glasgow-62648f8f1ec3,Hugh Glasgow,baptism,05 Feb 1710,Kilwinning,no_confirmed_match_candidates_only,no_confirmed_match_candidates_only,Glasgow-1929,possible_candidate,False,True,False,no exact full event-date bridge; named record relatives do not all resolve exactly on the profile,https://www.wikitree.com/wiki/Glasgow-1929
fmp-glasgow-67d861a644cf,William Glasgow,covenanter record,,Cavers,no_confirmed_match_candidates_only,no_confirmed_match_candidates_only,Glasgow-1026,possible_candidate,False,False,False,profile has no structured field for this non-vital event; no exact full event-date bridge; no exact locality bridge; record supplies no relative bridge,https://www.wikitree.com/wiki/Glasgow-1026
fmp-glasgow-67d861a644cf,William Glasgow,covenanter record,,Cavers,no_confirmed_match_candidates_only,no_confirmed_match_candidates_only,Glasgow-1087,possible_candidate,False,False,False,profile has no structured field for this non-vital event; no exact full event-date bridge; no exact locality bridge; record supplies no relative bridge,https://www.wikitree.com/wiki/Glasgow-1087
fmp-glasgow-67d861a644cf,William Glasgow,covenanter record,,Cavers,no_confirmed_match_candidates_only,no_confirmed_match_candidates_only,Glasgow-1521,possible_candidate,False,False,False,profile has no structured field for this non-vital event; no exact full event-date bridge; no exact locality bridge; record supplies no relative bridge,https://www.wikitree.com/wiki/Glasgow-1521
fmp-glasgow-67d861a644cf,William Glasgow,covenanter record,,Cavers,no_confirmed_match_candidates_only,no_confirmed_match_candidates_only,Glasgow-1556,possible_candidate,False,False,False,profile has no structured field for this non-vital event; no exact full event-date bridge; no exact locality bridge; record supplies no relative bridge,https://www.wikitree.com/wiki/Glasgow-1556
fmp-glasgow-67d861a644cf,William Glasgow,covenanter record,,Cavers,no_confirmed_match_candidates_only,no_confirmed_match_candidates_only,Glasgow-1605,possible_candidate,False,False,False,profile has no structured field for this non-vital event; no exact full event-date bridge; no exact locality bridge; record supplies no relative bridge,https://www.wikitree.com/wiki/Glasgow-1605
fmp-glasgow-67d861a644cf,William Glasgow,covenanter record,,Cavers,no_confirmed_match_candidates_only,no_confirmed_match_candidates_only,Glasgow-2436,possible_candidate,False,False,False,profile has no structured field for this non-vital event; no exact full event-date bridge; no exact locality bridge; record supplies no relative bridge,https://www.wikitree.com/wiki/Glasgow-2436
fmp-glasgow-67d861a644cf,William Glasgow,covenanter record,,Cavers,no_confirmed_match_candidates_only,no_confirmed_match_candidates_only,Glasgow-2453,possible_candidate,False,False,False,profile has no structured field for this non-vital event; no exact full event-date bridge; no exact locality bridge; record supplies no relative bridge,https://www.wikitree.com/wiki/Glasgow-2453
fmp-glasgow-67d861a644cf,William Glasgow,covenanter record,,Cavers,no_confirmed_match_candidates_only,no_confirmed_match_candidates_only,Glasgow-2462,possible_candidate,False,False,False,profile has no structured field for this non-vital event; no exact full event-date bridge; no exact locality bridge; record supplies no relative bridge,https://www.wikitree.com/wiki/Glasgow-2462
fmp-glasgow-67d861a644cf,William Glasgow,covenanter record,,Cavers,no_confirmed_match_candidates_only,no_confirmed_match_candidates_only,Glasgow-3080,possible_candidate,False,False,False,profile has no structured field for this non-vital event; no exact full event-date bridge; no exact locality bridge; record supplies no relative bridge,https://www.wikitree.com/wiki/Glasgow-3080
fmp-glasgow-67d861a644cf,William Glasgow,covenanter record,,Cavers,no_confirmed_match_candidates_only,no_confirmed_match_candidates_only,Glasgow-3446,possible_candidate,False,False,False,profile has no structured field for this non-vital event; no exact full event-date bridge; no exact locality bridge; record supplies no relative bridge,https://www.wikitree.com/wiki/Glasgow-3446
fmp-glasgow-67d861a644cf,William Glasgow,covenanter record,,Cavers,no_confirmed_match_candidates_only,no_confirmed_match_candidates_only,Glasgow-3517,possible_candidate,False,False,False,profile has no structured field for this non-vital event; no exact full event-date bridge; no exact locality bridge; record supplies no relative bridge,https://www.wikitree.com/wiki/Glasgow-3517
fmp-glasgow-67d861a644cf,William Glasgow,covenanter record,,Cavers,no_confirmed_match_candidates_only,no_confirmed_match_candidates_only,Glasgow-591,possible_candidate,False,False,False,profile has no structured field for this non-vital event; no exact full event-date bridge; no exact locality bridge; record supplies no relative bridge,https://www.wikitree.com/wiki/Glasgow-591
fmp-glasgow-67d861a644cf,William Glasgow,covenanter record,,Cavers,no_confirmed_match_candidates_only,no_confirmed_match_candidates_only,Glasgow-992,possible_candidate,False,False,False,profile has no structured field for this non-vital event; no exact full event-date bridge; no exact locality bridge; record supplies no relative bridge,https://www.wikitree.com/wiki/Glasgow-992
fmp-glasgow-67ec4399079d,Alexander Glasgow,baptism,13 Apr 1659,Campbeltown,no_confirmed_match_candidates_only,no_confirmed_match_candidates_only,Glasgow-3101,possible_candidate,False,True,True,no exact full event-date bridge,https://www.wikitree.com/wiki/Glasgow-3101
fmp-glasgow-6a0d2f01d70f,Alexander Glasgow,baptism,15 Jul 1695,Kilbirnie,no_confirmed_match_candidates_only,no_confirmed_match_candidates_only,Glasgow-3514,possible_candidate,True,True,False,named record relatives do not all resolve exactly on the profile,https://www.wikitree.com/wiki/Glasgow-3514
fmp-glasgow-6e280a164df3,Margaret Glasgow,baptism,12 Sep 1714,Kilwinning,no_confirmed_match_candidates_only,no_confirmed_match_candidates_only,Glasgow-1934,possible_candidate,True,True,False,named record relatives do not all resolve exactly on the profile,https://www.wikitree.com/wiki/Glasgow-1934
fmp-glasgow-6e280a164df3,Margaret Glasgow,baptism,12 Sep 1714,Kilwinning,no_confirmed_match_candidates_only,no_confirmed_match_candidates_only,Glasgow-2465,possible_candidate,False,True,False,no exact full event-date bridge; named record relatives do not all resolve exactly on the profile,https://www.wikitree.com/wiki/Glasgow-2465
fmp-glasgow-6e280a164df3,Margaret Glasgow,baptism,12 Sep 1714,Kilwinning,no_confirmed_match_candidates_only,no_confirmed_match_candidates_only,McCullough-1964,possible_candidate,False,False,False,no exact full event-date bridge; no exact locality bridge; named record relatives do not all resolve exactly on the profile,https://www.wikitree.com/wiki/McCullough-1964
fmp-glasgow-7256faebc1c9,Anne Glasgow,baptism,30 Dec 1705,Irvine,no_confirmed_match_candidates_only,no_confirmed_match_candidates_only,Glasgow-1427,possible_candidate,True,True,False,named record relatives do not all resolve exactly on the profile,https://www.wikitree.com/wiki/Glasgow-1427
fmp-glasgow-752872d75939,John Glasgow,baptism,24 Jul 1701,Stevenston,no_confirmed_match_candidates_only,no_confirmed_match_candidates_only,Glasgow-1544,possible_candidate,False,False,False,no exact full event-date bridge; no exact locality bridge; named record relatives do not all resolve exactly on the profile,https://www.wikitree.com/wiki/Glasgow-1544
fmp-glasgow-752872d75939,John Glasgow,baptism,24 Jul 1701,Stevenston,no_confirmed_match_candidates_only,no_confirmed_match_candidates_only,Glasgow-2464,possible_candidate,False,False,False,no exact full event-date bridge; no exact locality bridge; named record relatives do not all resolve exactly on the profile,https://www.wikitree.com/wiki/Glasgow-2464
fmp-glasgow-752872d75939,John Glasgow,baptism,24 Jul 1701,Stevenston,no_confirmed_match_candidates_only,no_confirmed_match_candidates_only,Glasgow-3901,possible_candidate,True,True,False,named record relatives do not all resolve exactly on the profile,https://www.wikitree.com/wiki/Glasgow-3901
fmp-glasgow-797144230166,John Glasgow,baptism,09 Dec 1690,Kilbirnie,no_confirmed_match_candidates_only,no_confirmed_match_candidates_only,Glasgow-1077,possible_candidate,True,True,False,named record relatives do not all resolve exactly on the profile,https://www.wikitree.com/wiki/Glasgow-1077
fmp-glasgow-7a4bc21a98f0,Robert Glasgow,baptism,10 Jan 1716,Irvine,confirmed_match,not_applicable_confirmed,Glasgow-2474,confirmed_match,True,True,True,,https://www.wikitree.com/wiki/Glasgow-2474
fmp-glasgow-7a66001e8cd6,George Glasgow,court record,1724,,no_wikitree_match_found,no_wikitree_match_found,,no_candidate,,,,,
fmp-glasgow-7dd0e1fcefbd,Helen Glasgow,baptism,,Linlithgow,no_wikitree_match_found,no_wikitree_match_found,,no_candidate,,,,,
fmp-glasgow-7fc6bb781027,James Glasgow,burgess admission,20 Jun 1649,Edinburgh,no_confirmed_match_candidates_only,no_confirmed_match_candidates_only,Glasgow-1150,possible_candidate,False,False,False,profile has no structured field for this non-vital event; no exact full event-date bridge; no exact locality bridge; record supplies no relative bridge,https://www.wikitree.com/wiki/Glasgow-1150
fmp-glasgow-7fc6bb781027,James Glasgow,burgess admission,20 Jun 1649,Edinburgh,no_confirmed_match_candidates_only,no_confirmed_match_candidates_only,Glasgow-3077,possible_candidate,False,False,False,profile has no structured field for this non-vital event; no exact full event-date bridge; no exact locality bridge; record supplies no relative bridge,https://www.wikitree.com/wiki/Glasgow-3077
fmp-glasgow-7fc6bb781027,James Glasgow,burgess admission,20 Jun 1649,Edinburgh,no_confirmed_match_candidates_only,no_confirmed_match_candidates_only,Glasgow-3332,possible_candidate,False,False,False,profile has no structured field for this non-vital event; no exact full event-date bridge; no exact locality bridge; record supplies no relative bridge,https://www.wikitree.com/wiki/Glasgow-3332
fmp-glasgow-7fc6bb781027,James Glasgow,burgess admission,20 Jun 1649,Edinburgh,no_confirmed_match_candidates_only,no_confirmed_match_candidates_only,Glasgow-3337,possible_candidate,False,False,False,profile has no structured field for this non-vital event; no exact full event-date bridge; no exact locality bridge; record supplies no relative bridge,https://www.wikitree.com/wiki/Glasgow-3337
fmp-glasgow-7fc6bb781027,James Glasgow,burgess admission,20 Jun 1649,Edinburgh,no_confirmed_match_candidates_only,no_confirmed_match_candidates_only,Glasgow-3923,possible_candidate,False,False,False,profile has no structured field for this non-vital event; no exact full event-date bridge; no exact locality bridge; record supplies no relative bridge,https://www.wikitree.com/wiki/Glasgow-3923
fmp-glasgow-7fc6bb781027,James Glasgow,burgess admission,20 Jun 1649,Edinburgh,no_confirmed_match_candidates_only,no_confirmed_match_candidates_only,Glasgow-635,possible_candidate,False,False,False,profile has no structured field for this non-vital event; no exact full event-date bridge; no exact locality bridge; record supplies no relative bridge,https://www.wikitree.com/wiki/Glasgow-635
fmp-glasgow-7fc6bb781027,James Glasgow,burgess admission,20 Jun 1649,Edinburgh,no_confirmed_match_candidates_only,no_confirmed_match_candidates_only,Glasgow-991,possible_candidate,False,False,False,profile has no structured field for this non-vital event; no exact full event-date bridge; no exact locality bridge; record supplies no relative bridge,https://www.wikitree.com/wiki/Glasgow-991
fmp-glasgow-811253f3e78f,James Glasgow,baptism,06 Sep 1718,Irvine,no_confirmed_match_candidates_only,no_confirmed_match_candidates_only,Glasgow-1131,possible_candidate,False,False,False,no exact full event-date bridge; no exact locality bridge; named record relatives do not all resolve exactly on the profile,https://www.wikitree.com/wiki/Glasgow-1131
fmp-glasgow-811253f3e78f,James Glasgow,baptism,06 Sep 1718,Irvine,no_confirmed_match_candidates_only,no_confirmed_match_candidates_only,Glasgow-2868,possible_candidate,False,False,False,no exact full event-date bridge; no exact locality bridge; named record relatives do not all resolve exactly on the profile,https://www.wikitree.com/wiki/Glasgow-2868
fmp-glasgow-811253f3e78f,James Glasgow,baptism,06 Sep 1718,Irvine,no_confirmed_match_candidates_only,no_confirmed_match_candidates_only,Glasgow-2916,possible_candidate,False,False,False,no exact full event-date bridge; no exact locality bridge; named record relatives do not all resolve exactly on the profile,https://www.wikitree.com/wiki/Glasgow-2916
fmp-glasgow-811253f3e78f,James Glasgow,baptism,06 Sep 1718,Irvine,no_confirmed_match_candidates_only,no_confirmed_match_candidates_only,Glasgow-2988,possible_candidate,False,False,False,no exact full event-date bridge; no exact locality bridge; named record relatives do not all resolve exactly on the profile,https://www.wikitree.com/wiki/Glasgow-2988
fmp-glasgow-811253f3e78f,James Glasgow,baptism,06 Sep 1718,Irvine,no_confirmed_match_candidates_only,no_confirmed_match_candidates_only,Glasgow-3523,possible_candidate,False,False,False,no exact full event-date bridge; no exact locality bridge; named record relatives do not all resolve exactly on the profile,https://www.wikitree.com/wiki/Glasgow-3523
fmp-glasgow-8a1040c5d545,Thomas Glasgow,court record,15/05/1701,Dublin,no_confirmed_match_candidates_only,no_confirmed_match_candidates_only,Glasgow-3556,possible_candidate,False,False,False,profile has no structured field for this non-vital event; no exact full event-date bridge; no exact locality bridge; record supplies no relative bridge,https://www.wikitree.com/wiki/Glasgow-3556
fmp-glasgow-8a1040c5d545,Thomas Glasgow,court record,15/05/1701,Dublin,no_confirmed_match_candidates_only,no_confirmed_match_candidates_only,Glasgow-3943,possible_candidate,False,False,False,profile has no structured field for this non-vital event; no exact full event-date bridge; no exact locality bridge; record supplies no relative bridge,https://www.wikitree.com/wiki/Glasgow-3943
fmp-glasgow-8a1040c5d545,Thomas Glasgow,court record,15/05/1701,Dublin,no_confirmed_match_candidates_only,no_confirmed_match_candidates_only,Glasgow-3964,possible_candidate,False,False,False,profile has no structured field for this non-vital event; no exact full event-date bridge; no exact locality bridge; record supplies no relative bridge,https://www.wikitree.com/wiki/Glasgow-3964
fmp-glasgow-8a8a5ce31a19,John Glasgow,covenanter record,,Cavers,no_confirmed_match_candidates_only,no_confirmed_match_candidates_only,Glasgow-1057,possible_candidate,False,False,False,profile has no structured field for this non-vital event; no exact full event-date bridge; no exact locality bridge; record supplies no relative bridge,https://www.wikitree.com/wiki/Glasgow-1057
fmp-glasgow-8a8a5ce31a19,John Glasgow,covenanter record,,Cavers,no_confirmed_match_candidates_only,no_confirmed_match_candidates_only,Glasgow-1073,possible_candidate,False,False,False,profile has no structured field for this non-vital event; no exact full event-date bridge; no exact locality bridge; record supplies no relative bridge,https://www.wikitree.com/wiki/Glasgow-1073
fmp-glasgow-8a8a5ce31a19,John Glasgow,covenanter record,,Cavers,no_confirmed_match_candidates_only,no_confirmed_match_candidates_only,Glasgow-1084,possible_candidate,False,False,False,profile has no structured field for this non-vital event; no exact full event-date bridge; no exact locality bridge; record supplies no relative bridge,https://www.wikitree.com/wiki/Glasgow-1084
fmp-glasgow-8a8a5ce31a19,John Glasgow,covenanter record,,Cavers,no_confirmed_match_candidates_only,no_confirmed_match_candidates_only,Glasgow-1086,possible_candidate,False,False,False,profile has no structured field for this non-vital event; no exact full event-date bridge; no exact locality bridge; record supplies no relative bridge,https://www.wikitree.com/wiki/Glasgow-1086
fmp-glasgow-8a8a5ce31a19,John Glasgow,covenanter record,,Cavers,no_confirmed_match_candidates_only,no_confirmed_match_candidates_only,Glasgow-1088,possible_candidate,False,False,False,profile has no structured field for this non-vital event; no exact full event-date bridge; no exact locality bridge; record supplies no relative bridge,https://www.wikitree.com/wiki/Glasgow-1088
fmp-glasgow-8a8a5ce31a19,John Glasgow,covenanter record,,Cavers,no_confirmed_match_candidates_only,no_confirmed_match_candidates_only,Glasgow-1105,possible_candidate,False,False,False,profile has no structured field for this non-vital event; no exact full event-date bridge; no exact locality bridge; record supplies no relative bridge,https://www.wikitree.com/wiki/Glasgow-1105
fmp-glasgow-8a8a5ce31a19,John Glasgow,covenanter record,,Cavers,no_confirmed_match_candidates_only,no_confirmed_match_candidates_only,Glasgow-1151,possible_candidate,False,False,False,profile has no structured field for this non-vital event; no exact full event-date bridge; no exact locality bridge; record supplies no relative bridge,https://www.wikitree.com/wiki/Glasgow-1151
fmp-glasgow-8a8a5ce31a19,John Glasgow,covenanter record,,Cavers,no_confirmed_match_candidates_only,no_confirmed_match_candidates_only,Glasgow-1498,possible_candidate,False,False,False,profile has no structured field for this non-vital event; no exact full event-date bridge; no exact locality bridge; record supplies no relative bridge,https://www.wikitree.com/wiki/Glasgow-1498
fmp-glasgow-8a8a5ce31a19,John Glasgow,covenanter record,,Cavers,no_confirmed_match_candidates_only,no_confirmed_match_candidates_only,Glasgow-1559,possible_candidate,False,False,False,profile has no structured field for this non-vital event; no exact full event-date bridge; no exact locality bridge; record supplies no relative bridge,https://www.wikitree.com/wiki/Glasgow-1559
fmp-glasgow-8a8a5ce31a19,John Glasgow,covenanter record,,Cavers,no_confirmed_match_candidates_only,no_confirmed_match_candidates_only,Glasgow-1561,possible_candidate,False,False,False,profile has no structured field for this non-vital event; no exact full event-date bridge; no exact locality bridge; record supplies no relative bridge,https://www.wikitree.com/wiki/Glasgow-1561
fmp-glasgow-8a8a5ce31a19,John Glasgow,covenanter record,,Cavers,no_confirmed_match_candidates_only,no_confirmed_match_candidates_only,Glasgow-2452,possible_candidate,False,False,False,profile has no structured field for this non-vital event; no exact full event-date bridge; no exact locality bridge; record supplies no relative bridge,https://www.wikitree.com/wiki/Glasgow-2452
fmp-glasgow-8a8a5ce31a19,John Glasgow,covenanter record,,Cavers,no_confirmed_match_candidates_only,no_confirmed_match_candidates_only,Glasgow-3012,possible_candidate,False,False,False,profile has no structured field for this non-vital event; no exact full event-date bridge; no exact locality bridge; record supplies no relative bridge,https://www.wikitree.com/wiki/Glasgow-3012
fmp-glasgow-8a8a5ce31a19,John Glasgow,covenanter record,,Cavers,no_confirmed_match_candidates_only,no_confirmed_match_candidates_only,Glasgow-3014,possible_candidate,False,False,False,profile has no structured field for this non-vital event; no exact full event-date bridge; no exact locality bridge; record supplies no relative bridge,https://www.wikitree.com/wiki/Glasgow-3014
fmp-glasgow-8a8a5ce31a19,John Glasgow,covenanter record,,Cavers,no_confirmed_match_candidates_only,no_confirmed_match_candidates_only,Glasgow-3015,possible_candidate,False,False,False,profile has no structured field for this non-vital event; no exact full event-date bridge; no exact locality bridge; record supplies no relative bridge,https://www.wikitree.com/wiki/Glasgow-3015
fmp-glasgow-8a8a5ce31a19,John Glasgow,covenanter record,,Cavers,no_confirmed_match_candidates_only,no_confirmed_match_candidates_only,Glasgow-3093,possible_candidate,False,False,False,profile has no structured field for this non-vital event; no exact full event-date bridge; no exact locality bridge; record supplies no relative bridge,https://www.wikitree.com/wiki/Glasgow-3093
fmp-glasgow-8a8a5ce31a19,John Glasgow,covenanter record,,Cavers,no_confirmed_match_candidates_only,no_confirmed_match_candidates_only,Glasgow-3117,possible_candidate,False,False,False,profile has no structured field for this non-vital event; no exact full event-date bridge; no exact locality bridge; record supplies no relative bridge,https://www.wikitree.com/wiki/Glasgow-3117
fmp-glasgow-8a8a5ce31a19,John Glasgow,covenanter record,,Cavers,no_confirmed_match_candidates_only,no_confirmed_match_candidates_only,Glasgow-3145,possible_candidate,False,False,False,profile has no structured field for this non-vital event; no exact full event-date bridge; no exact locality bridge; record supplies no relative bridge,https://www.wikitree.com/wiki/Glasgow-3145
fmp-glasgow-8a8a5ce31a19,John Glasgow,covenanter record,,Cavers,no_confirmed_match_candidates_only,no_confirmed_match_candidates_only,Glasgow-3296,possible_candidate,False,False,False,profile has no structured field for this non-vital event; no exact full event-date bridge; no exact locality bridge; record supplies no relative bridge,https://www.wikitree.com/wiki/Glasgow-3296
fmp-glasgow-8a8a5ce31a19,John Glasgow,covenanter record,,Cavers,no_confirmed_match_candidates_only,no_confirmed_match_candidates_only,Glasgow-3331,possible_candidate,False,False,False,profile has no structured field for this non-vital event; no exact full event-date bridge; no exact locality bridge; record supplies no relative bridge,https://www.wikitree.com/wiki/Glasgow-3331
fmp-glasgow-8a8a5ce31a19,John Glasgow,covenanter record,,Cavers,no_confirmed_match_candidates_only,no_confirmed_match_candidates_only,Glasgow-3342,possible_candidate,False,False,False,profile has no structured field for this non-vital event; no exact full event-date bridge; no exact locality bridge; record supplies no relative bridge,https://www.wikitree.com/wiki/Glasgow-3342
fmp-glasgow-8a8a5ce31a19,John Glasgow,covenanter record,,Cavers,no_confirmed_match_candidates_only,no_confirmed_match_candidates_only,Glasgow-3375,possible_candidate,False,False,False,profile has no structured field for this non-vital event; no exact full event-date bridge; no exact locality bridge; record supplies no relative bridge,https://www.wikitree.com/wiki/Glasgow-3375
fmp-glasgow-8a8a5ce31a19,John Glasgow,covenanter record,,Cavers,no_confirmed_match_candidates_only,no_confirmed_match_candidates_only,Glasgow-3516,possible_candidate,False,False,False,profile has no structured field for this non-vital event; no exact full event-date bridge; no exact locality bridge; record supplies no relative bridge,https://www.wikitree.com/wiki/Glasgow-3516
fmp-glasgow-8a8a5ce31a19,John Glasgow,covenanter record,,Cavers,no_confirmed_match_candidates_only,no_confirmed_match_candidates_only,Glasgow-3610,possible_candidate,False,False,False,profile has no structured field for this non-vital event; no exact full event-date bridge; no exact locality bridge; record supplies no relative bridge,https://www.wikitree.com/wiki/Glasgow-3610
fmp-glasgow-8b7fb215d258,Thomas Glasgow,burgess admission,2 May 1660,Edinburgh,no_confirmed_match_candidates_only,no_confirmed_match_candidates_only,Glasgow-1103,possible_candidate,False,False,False,profile has no structured field for this non-vital event; no exact full event-date bridge; no exact locality bridge; record supplies no relative bridge,https://www.wikitree.com/wiki/Glasgow-1103
fmp-glasgow-8b7fb215d258,Thomas Glasgow,burgess admission,2 May 1660,Edinburgh,no_confirmed_match_candidates_only,no_confirmed_match_candidates_only,Glasgow-2461,possible_candidate,False,False,False,profile has no structured field for this non-vital event; no exact full event-date bridge; no exact locality bridge; record supplies no relative bridge,https://www.wikitree.com/wiki/Glasgow-2461
fmp-glasgow-8b7fb215d258,Thomas Glasgow,burgess admission,2 May 1660,Edinburgh,no_confirmed_match_candidates_only,no_confirmed_match_candidates_only,Glasgow-3187,possible_candidate,False,False,False,profile has no structured field for this non-vital event; no exact full event-date bridge; no exact locality bridge; record supplies no relative bridge,https://www.wikitree.com/wiki/Glasgow-3187
fmp-glasgow-8b7fb215d258,Thomas Glasgow,burgess admission,2 May 1660,Edinburgh,no_confirmed_match_candidates_only,no_confirmed_match_candidates_only,Glasgow-3413,possible_candidate,False,False,False,profile has no structured field for this non-vital event; no exact full event-date bridge; no exact locality bridge; record supplies no relative bridge,https://www.wikitree.com/wiki/Glasgow-3413
fmp-glasgow-8c3d545ec0e5,John Glasgow,baptism,22 Sep 1717,Kilbirnie,no_confirmed_match_candidates_only,no_confirmed_match_candidates_only,Glasgow-3525,possible_candidate,False,False,False,no exact full event-date bridge; no exact locality bridge; named record relatives do not all resolve exactly on the profile,https://www.wikitree.com/wiki/Glasgow-3525
fmp-glasgow-8c3d545ec0e5,John Glasgow,baptism,22 Sep 1717,Kilbirnie,no_confirmed_match_candidates_only,no_confirmed_match_candidates_only,Glasgow-3553,possible_candidate,True,True,False,named record relatives do not all resolve exactly on the profile,https://www.wikitree.com/wiki/Glasgow-3553
fmp-glasgow-8d4bf08c43ec,Helen Glasgow,baptism,22 Dec 1668,Linlithgow,no_wikitree_match_found,no_wikitree_match_found,,no_candidate,,,,,
fmp-glasgow-8e84eba5c08b,Jean Glasgow,baptism,03 Apr 1715,Kilbirnie,no_confirmed_match_candidates_only,no_confirmed_match_candidates_only,Glasgow-3552,possible_candidate,True,True,False,named record relatives do not all resolve exactly on the profile,https://www.wikitree.com/wiki/Glasgow-3552
fmp-glasgow-937fb03a9d56,Robert Glasgow,burgess admission,4 Jul 1666,Edinburgh,no_confirmed_match_candidates_only,no_confirmed_match_candidates_only,Glasgow-1027,possible_candidate,False,False,False,profile has no structured field for this non-vital event; no exact full event-date bridge; no exact locality bridge; record supplies no relative bridge,https://www.wikitree.com/wiki/Glasgow-1027
fmp-glasgow-937fb03a9d56,Robert Glasgow,burgess admission,4 Jul 1666,Edinburgh,no_confirmed_match_candidates_only,no_confirmed_match_candidates_only,Glasgow-1078,possible_candidate,False,False,False,profile has no structured field for this non-vital event; no exact full event-date bridge; no exact locality bridge; record supplies no relative bridge,https://www.wikitree.com/wiki/Glasgow-1078
fmp-glasgow-937fb03a9d56,Robert Glasgow,burgess admission,4 Jul 1666,Edinburgh,no_confirmed_match_candidates_only,no_confirmed_match_candidates_only,Glasgow-1149,possible_candidate,False,False,False,profile has no structured field for this non-vital event; no exact full event-date bridge; no exact locality bridge; record supplies no relative bridge,https://www.wikitree.com/wiki/Glasgow-1149
fmp-glasgow-937fb03a9d56,Robert Glasgow,burgess admission,4 Jul 1666,Edinburgh,no_confirmed_match_candidates_only,no_confirmed_match_candidates_only,Glasgow-1157,possible_candidate,False,False,False,profile has no structured field for this non-vital event; no exact full event-date bridge; no exact locality bridge; record supplies no relative bridge,https://www.wikitree.com/wiki/Glasgow-1157
fmp-glasgow-937fb03a9d56,Robert Glasgow,burgess admission,4 Jul 1666,Edinburgh,no_confirmed_match_candidates_only,no_confirmed_match_candidates_only,Glasgow-1374,possible_candidate,False,False,False,profile has no structured field for this non-vital event; no exact full event-date bridge; no exact locality bridge; record supplies no relative bridge,https://www.wikitree.com/wiki/Glasgow-1374
fmp-glasgow-937fb03a9d56,Robert Glasgow,burgess admission,4 Jul 1666,Edinburgh,no_confirmed_match_candidates_only,no_confirmed_match_candidates_only,Glasgow-1512,possible_candidate,False,False,False,profile has no structured field for this non-vital event; no exact full event-date bridge; no exact locality bridge; record supplies no relative bridge,https://www.wikitree.com/wiki/Glasgow-1512
fmp-glasgow-937fb03a9d56,Robert Glasgow,burgess admission,4 Jul 1666,Edinburgh,no_confirmed_match_candidates_only,no_confirmed_match_candidates_only,Glasgow-3338,possible_candidate,False,False,False,profile has no structured field for this non-vital event; no exact full event-date bridge; no exact locality bridge; record supplies no relative bridge,https://www.wikitree.com/wiki/Glasgow-3338
fmp-glasgow-937fb03a9d56,Robert Glasgow,burgess admission,4 Jul 1666,Edinburgh,no_confirmed_match_candidates_only,no_confirmed_match_candidates_only,Glasgow-3357,possible_candidate,False,False,False,profile has no structured field for this non-vital event; no exact full event-date bridge; no exact locality bridge; record supplies no relative bridge,https://www.wikitree.com/wiki/Glasgow-3357
fmp-glasgow-937fb03a9d56,Robert Glasgow,burgess admission,4 Jul 1666,Edinburgh,no_confirmed_match_candidates_only,no_confirmed_match_candidates_only,Glasgow-3693,possible_candidate,False,False,False,profile has no structured field for this non-vital event; no exact full event-date bridge; no exact locality bridge; record supplies no relative bridge,https://www.wikitree.com/wiki/Glasgow-3693
fmp-glasgow-937fb03a9d56,Robert Glasgow,burgess admission,4 Jul 1666,Edinburgh,no_confirmed_match_candidates_only,no_confirmed_match_candidates_only,Glasgow-3938,possible_candidate,False,False,False,profile has no structured field for this non-vital event; no exact full event-date bridge; no exact locality bridge; record supplies no relative bridge,https://www.wikitree.com/wiki/Glasgow-3938
fmp-glasgow-94a479350fc7,Hugh Glasgow,baptism,07 Jul 1717,Kilwinning,no_confirmed_match_candidates_only,no_confirmed_match_candidates_only,Glasgow-1071,possible_candidate,False,True,False,no exact full event-date bridge; named record relatives do not all resolve exactly on the profile,https://www.wikitree.com/wiki/Glasgow-1071
fmp-glasgow-94a479350fc7,Hugh Glasgow,baptism,07 Jul 1717,Kilwinning,no_confirmed_match_candidates_only,no_confirmed_match_candidates_only,Glasgow-2448,possible_candidate,False,True,False,no exact full event-date bridge; named record relatives do not all resolve exactly on the profile,https://www.wikitree.com/wiki/Glasgow-2448
fmp-glasgow-95906c2e4088,John Glasgow,baptism,,Linlithgow,no_confirmed_match_candidates_only,no_confirmed_match_candidates_only,Glasgow-1105,possible_candidate,False,True,True,no exact full event-date bridge,https://www.wikitree.com/wiki/Glasgow-1105
fmp-glasgow-96dde749c693,John Glasgow,baptism,10 Oct 1736,Irvine,no_confirmed_match_candidates_only,no_confirmed_match_candidates_only,Glasgow-2871,possible_candidate,False,False,False,no exact full event-date bridge; no exact locality bridge; named record relatives do not all resolve exactly on the profile,https://www.wikitree.com/wiki/Glasgow-2871
fmp-glasgow-96dde749c693,John Glasgow,baptism,10 Oct 1736,Irvine,no_confirmed_match_candidates_only,no_confirmed_match_candidates_only,Glasgow-3478,possible_candidate,False,True,False,no exact full event-date bridge; named record relatives do not all resolve exactly on the profile,https://www.wikitree.com/wiki/Glasgow-3478
fmp-glasgow-96dde749c693,John Glasgow,baptism,10 Oct 1736,Irvine,no_confirmed_match_candidates_only,no_confirmed_match_candidates_only,Glasgow-549,possible_candidate,False,False,False,no exact full event-date bridge; no exact locality bridge; named record relatives do not all resolve exactly on the profile,https://www.wikitree.com/wiki/Glasgow-549
fmp-glasgow-984fa1db3c1a,Margaret Glasgow,baptism,04 Mar 1708,Irvine,no_confirmed_match_candidates_only,no_confirmed_match_candidates_only,Allan-4046,possible_candidate,False,False,False,no exact full event-date bridge; no exact locality bridge; named record relatives do not all resolve exactly on the profile,https://www.wikitree.com/wiki/Allan-4046
fmp-glasgow-9ba0aacd6507,Margaret Glasgow,baptism,05 Jan 1729,Irvine,no_confirmed_match_candidates_only,no_confirmed_match_candidates_only,Glasgow-2450,possible_candidate,False,True,False,no exact full event-date bridge; named record relatives do not all resolve exactly on the profile,https://www.wikitree.com/wiki/Glasgow-2450
fmp-glasgow-9bf49e7b9bd1,William Glasgow,baptism,03 Feb 1723,Irvine,no_confirmed_match_candidates_only,no_confirmed_match_candidates_only,Glasgow-3962,possible_candidate,False,False,False,no exact full event-date bridge; no exact locality bridge; named record relatives do not all resolve exactly on the profile,https://www.wikitree.com/wiki/Glasgow-3962
fmp-glasgow-9e83d7bb1375,James Glasgow,baptism,12 Mar 1707,Kilwinning,no_confirmed_match_candidates_only,no_confirmed_match_candidates_only,Glasgow-1316,possible_candidate,False,False,False,no exact full event-date bridge; no exact locality bridge; named record relatives do not all resolve exactly on the profile,https://www.wikitree.com/wiki/Glasgow-1316
fmp-glasgow-9e83d7bb1375,James Glasgow,baptism,12 Mar 1707,Kilwinning,no_confirmed_match_candidates_only,no_confirmed_match_candidates_only,Glasgow-1504,possible_candidate,False,False,False,no exact full event-date bridge; no exact locality bridge; named record relatives do not all resolve exactly on the profile,https://www.wikitree.com/wiki/Glasgow-1504
fmp-glasgow-9e83d7bb1375,James Glasgow,baptism,12 Mar 1707,Kilwinning,no_confirmed_match_candidates_only,no_confirmed_match_candidates_only,Glasgow-1932,possible_candidate,False,True,False,no exact full event-date bridge; named record relatives do not all resolve exactly on the profile,https://www.wikitree.com/wiki/Glasgow-1932
fmp-glasgow-a0b809464cc9,Hugh Glasgow,Occupations,03 Feb 1733,,no_confirmed_match_candidates_only,no_confirmed_match_candidates_only,Glasgow-1056,possible_candidate,False,False,False,profile has no structured field for this non-vital event; no exact full event-date bridge; no exact locality bridge; record supplies no relative bridge,https://www.wikitree.com/wiki/Glasgow-1056
fmp-glasgow-a0b809464cc9,Hugh Glasgow,Occupations,03 Feb 1733,,no_confirmed_match_candidates_only,no_confirmed_match_candidates_only,Glasgow-1066,possible_candidate,False,False,False,profile has no structured field for this non-vital event; no exact full event-date bridge; no exact locality bridge; record supplies no relative bridge,https://www.wikitree.com/wiki/Glasgow-1066
fmp-glasgow-a0b809464cc9,Hugh Glasgow,Occupations,03 Feb 1733,,no_confirmed_match_candidates_only,no_confirmed_match_candidates_only,Glasgow-1067,possible_candidate,False,False,False,profile has no structured field for this non-vital event; no exact full event-date bridge; no exact locality bridge; record supplies no relative bridge,https://www.wikitree.com/wiki/Glasgow-1067
fmp-glasgow-a0b809464cc9,Hugh Glasgow,Occupations,03 Feb 1733,,no_confirmed_match_candidates_only,no_confirmed_match_candidates_only,Glasgow-1071,possible_candidate,False,False,False,profile has no structured field for this non-vital event; no exact full event-date bridge; no exact locality bridge; record supplies no relative bridge,https://www.wikitree.com/wiki/Glasgow-1071
fmp-glasgow-a0b809464cc9,Hugh Glasgow,Occupations,03 Feb 1733,,no_confirmed_match_candidates_only,no_confirmed_match_candidates_only,Glasgow-1426,possible_candidate,False,False,False,profile has no structured field for this non-vital event; no exact full event-date bridge; no exact locality bridge; record supplies no relative bridge,https://www.wikitree.com/wiki/Glasgow-1426
fmp-glasgow-a0b809464cc9,Hugh Glasgow,Occupations,03 Feb 1733,,no_confirmed_match_candidates_only,no_confirmed_match_candidates_only,Glasgow-1929,possible_candidate,False,False,False,profile has no structured field for this non-vital event; no exact full event-date bridge; no exact locality bridge; record supplies no relative bridge,https://www.wikitree.com/wiki/Glasgow-1929
fmp-glasgow-a0b809464cc9,Hugh Glasgow,Occupations,03 Feb 1733,,no_confirmed_match_candidates_only,no_confirmed_match_candidates_only,Glasgow-2448,possible_candidate,False,False,False,profile has no structured field for this non-vital event; no exact full event-date bridge; no exact locality bridge; record supplies no relative bridge,https://www.wikitree.com/wiki/Glasgow-2448
fmp-glasgow-a0b809464cc9,Hugh Glasgow,Occupations,03 Feb 1733,,no_confirmed_match_candidates_only,no_confirmed_match_candidates_only,Glasgow-3108,possible_candidate,False,False,False,profile has no structured field for this non-vital event; no exact full event-date bridge; no exact locality bridge; record supplies no relative bridge,https://www.wikitree.com/wiki/Glasgow-3108
fmp-glasgow-a0b809464cc9,Hugh Glasgow,Occupations,03 Feb 1733,,no_confirmed_match_candidates_only,no_confirmed_match_candidates_only,Glasgow-3109,possible_candidate,False,False,False,profile has no structured field for this non-vital event; no exact full event-date bridge; no exact locality bridge; record supplies no relative bridge,https://www.wikitree.com/wiki/Glasgow-3109
fmp-glasgow-a2f52dd2bc28,James Glasgow,apprenticeship,24 Feb 1669,Edinburgh,no_confirmed_match_candidates_only,no_confirmed_match_candidates_only,Glasgow-1150,possible_candidate,False,False,False,profile has no structured field for this non-vital event; no exact full event-date bridge; no exact locality bridge; named record relatives do not all resolve exactly on the profile,https://www.wikitree.com/wiki/Glasgow-1150
fmp-glasgow-a2f52dd2bc28,James Glasgow,apprenticeship,24 Feb 1669,Edinburgh,no_confirmed_match_candidates_only,no_confirmed_match_candidates_only,Glasgow-1376,possible_candidate,False,False,False,profile has no structured field for this non-vital event; no exact full event-date bridge; no exact locality bridge; named record relatives do not all resolve exactly on the profile,https://www.wikitree.com/wiki/Glasgow-1376
fmp-glasgow-a2f52dd2bc28,James Glasgow,apprenticeship,24 Feb 1669,Edinburgh,no_confirmed_match_candidates_only,no_confirmed_match_candidates_only,Glasgow-1496,possible_candidate,False,False,False,profile has no structured field for this non-vital event; no exact full event-date bridge; no exact locality bridge; named record relatives do not all resolve exactly on the profile,https://www.wikitree.com/wiki/Glasgow-1496
fmp-glasgow-a2f52dd2bc28,James Glasgow,apprenticeship,24 Feb 1669,Edinburgh,no_confirmed_match_candidates_only,no_confirmed_match_candidates_only,Glasgow-2682,possible_candidate,False,False,False,profile has no structured field for this non-vital event; no exact full event-date bridge; no exact locality bridge; named record relatives do not all resolve exactly on the profile,https://www.wikitree.com/wiki/Glasgow-2682
fmp-glasgow-a2f52dd2bc28,James Glasgow,apprenticeship,24 Feb 1669,Edinburgh,no_confirmed_match_candidates_only,no_confirmed_match_candidates_only,Glasgow-3001,possible_candidate,False,False,False,profile has no structured field for this non-vital event; no exact full event-date bridge; no exact locality bridge; named record relatives do not all resolve exactly on the profile,https://www.wikitree.com/wiki/Glasgow-3001
fmp-glasgow-a2f52dd2bc28,James Glasgow,apprenticeship,24 Feb 1669,Edinburgh,no_confirmed_match_candidates_only,no_confirmed_match_candidates_only,Glasgow-3076,possible_candidate,False,False,False,profile has no structured field for this non-vital event; no exact full event-date bridge; no exact locality bridge; named record relatives do not all resolve exactly on the profile,https://www.wikitree.com/wiki/Glasgow-3076
fmp-glasgow-a2f52dd2bc28,James Glasgow,apprenticeship,24 Feb 1669,Edinburgh,no_confirmed_match_candidates_only,no_confirmed_match_candidates_only,Glasgow-3077,possible_candidate,False,False,False,profile has no structured field for this non-vital event; no exact full event-date bridge; no exact locality bridge; named record relatives do not all resolve exactly on the profile,https://www.wikitree.com/wiki/Glasgow-3077
fmp-glasgow-a2f52dd2bc28,James Glasgow,apprenticeship,24 Feb 1669,Edinburgh,no_confirmed_match_candidates_only,no_confirmed_match_candidates_only,Glasgow-3107,possible_candidate,False,False,False,profile has no structured field for this non-vital event; no exact full event-date bridge; no exact locality bridge; named record relatives do not all resolve exactly on the profile,https://www.wikitree.com/wiki/Glasgow-3107
fmp-glasgow-a2f52dd2bc28,James Glasgow,apprenticeship,24 Feb 1669,Edinburgh,no_confirmed_match_candidates_only,no_confirmed_match_candidates_only,Glasgow-3172,possible_candidate,False,False,False,profile has no structured field for this non-vital event; no exact full event-date bridge; no exact locality bridge; named record relatives do not all resolve exactly on the profile,https://www.wikitree.com/wiki/Glasgow-3172
fmp-glasgow-a2f52dd2bc28,James Glasgow,apprenticeship,24 Feb 1669,Edinburgh,no_confirmed_match_candidates_only,no_confirmed_match_candidates_only,Glasgow-3332,possible_candidate,False,False,False,profile has no structured field for this non-vital event; no exact full event-date bridge; no exact locality bridge; named record relatives do not all resolve exactly on the profile,https://www.wikitree.com/wiki/Glasgow-3332
fmp-glasgow-a2f52dd2bc28,James Glasgow,apprenticeship,24 Feb 1669,Edinburgh,no_confirmed_match_candidates_only,no_confirmed_match_candidates_only,Glasgow-3337,possible_candidate,False,False,False,profile has no structured field for this non-vital event; no exact full event-date bridge; no exact locality bridge; named record relatives do not all resolve exactly on the profile,https://www.wikitree.com/wiki/Glasgow-3337
fmp-glasgow-a2f52dd2bc28,James Glasgow,apprenticeship,24 Feb 1669,Edinburgh,no_confirmed_match_candidates_only,no_confirmed_match_candidates_only,Glasgow-3923,possible_candidate,False,False,False,profile has no structured field for this non-vital event; no exact full event-date bridge; no exact locality bridge; named record relatives do not all resolve exactly on the profile,https://www.wikitree.com/wiki/Glasgow-3923
fmp-glasgow-a2f52dd2bc28,James Glasgow,apprenticeship,24 Feb 1669,Edinburgh,no_confirmed_match_candidates_only,no_confirmed_match_candidates_only,Glasgow-3971,possible_candidate,False,False,False,profile has no structured field for this non-vital event; no exact full event-date bridge; no exact locality bridge; named record relatives do not all resolve exactly on the profile,https://www.wikitree.com/wiki/Glasgow-3971
fmp-glasgow-a2f52dd2bc28,James Glasgow,apprenticeship,24 Feb 1669,Edinburgh,no_confirmed_match_candidates_only,no_confirmed_match_candidates_only,Glasgow-635,possible_candidate,False,False,False,profile has no structured field for this non-vital event; no exact full event-date bridge; no exact locality bridge; named record relatives do not all resolve exactly on the profile,https://www.wikitree.com/wiki/Glasgow-635
fmp-glasgow-a2f52dd2bc28,James Glasgow,apprenticeship,24 Feb 1669,Edinburgh,no_confirmed_match_candidates_only,no_confirmed_match_candidates_only,Glasgow-991,possible_candidate,False,False,False,profile has no structured field for this non-vital event; no exact full event-date bridge; no exact locality bridge; named record relatives do not all resolve exactly on the profile,https://www.wikitree.com/wiki/Glasgow-991
fmp-glasgow-a337552bd7ae,Michael Glasgow,baptism,14 Oct 1712,Irvine,no_confirmed_match_candidates_only,no_confirmed_match_candidates_only,Glasgow-1410,possible_candidate,True,True,False,named record relatives do not all resolve exactly on the profile,https://www.wikitree.com/wiki/Glasgow-1410
fmp-glasgow-a4ce003c4e60,Abraham Glasgow,baptism,29 Mar 1719,Uphall,no_confirmed_match_candidates_only,no_confirmed_match_candidates_only,Glasgow-1227,possible_candidate,True,False,False,no exact locality bridge; named record relatives do not all resolve exactly on the profile,https://www.wikitree.com/wiki/Glasgow-1227
fmp-glasgow-a8aad7760cba,Robert Glasgow,burgess admission,16 Jan 1684,Edinburgh,no_confirmed_match_candidates_only,no_confirmed_match_candidates_only,Glasgow-1078,possible_candidate,False,False,False,profile has no structured field for this non-vital event; no exact full event-date bridge; no exact locality bridge; record supplies no relative bridge,https://www.wikitree.com/wiki/Glasgow-1078
fmp-glasgow-a8aad7760cba,Robert Glasgow,burgess admission,16 Jan 1684,Edinburgh,no_confirmed_match_candidates_only,no_confirmed_match_candidates_only,Glasgow-1149,possible_candidate,False,False,False,profile has no structured field for this non-vital event; no exact full event-date bridge; no exact locality bridge; record supplies no relative bridge,https://www.wikitree.com/wiki/Glasgow-1149
fmp-glasgow-a8aad7760cba,Robert Glasgow,burgess admission,16 Jan 1684,Edinburgh,no_confirmed_match_candidates_only,no_confirmed_match_candidates_only,Glasgow-1157,possible_candidate,False,False,False,profile has no structured field for this non-vital event; no exact full event-date bridge; no exact locality bridge; record supplies no relative bridge,https://www.wikitree.com/wiki/Glasgow-1157
fmp-glasgow-a8aad7760cba,Robert Glasgow,burgess admission,16 Jan 1684,Edinburgh,no_confirmed_match_candidates_only,no_confirmed_match_candidates_only,Glasgow-1374,possible_candidate,False,False,False,profile has no structured field for this non-vital event; no exact full event-date bridge; no exact locality bridge; record supplies no relative bridge,https://www.wikitree.com/wiki/Glasgow-1374
fmp-glasgow-a8aad7760cba,Robert Glasgow,burgess admission,16 Jan 1684,Edinburgh,no_confirmed_match_candidates_only,no_confirmed_match_candidates_only,Glasgow-1512,possible_candidate,False,False,False,profile has no structured field for this non-vital event; no exact full event-date bridge; no exact locality bridge; record supplies no relative bridge,https://www.wikitree.com/wiki/Glasgow-1512
fmp-glasgow-a8aad7760cba,Robert Glasgow,burgess admission,16 Jan 1684,Edinburgh,no_confirmed_match_candidates_only,no_confirmed_match_candidates_only,Glasgow-1513,possible_candidate,False,False,False,profile has no structured field for this non-vital event; no exact full event-date bridge; no exact locality bridge; record supplies no relative bridge,https://www.wikitree.com/wiki/Glasgow-1513
fmp-glasgow-a8aad7760cba,Robert Glasgow,burgess admission,16 Jan 1684,Edinburgh,no_confirmed_match_candidates_only,no_confirmed_match_candidates_only,Glasgow-3338,possible_candidate,False,False,False,profile has no structured field for this non-vital event; no exact full event-date bridge; no exact locality bridge; record supplies no relative bridge,https://www.wikitree.com/wiki/Glasgow-3338
fmp-glasgow-a8aad7760cba,Robert Glasgow,burgess admission,16 Jan 1684,Edinburgh,no_confirmed_match_candidates_only,no_confirmed_match_candidates_only,Glasgow-3357,possible_candidate,False,False,False,profile has no structured field for this non-vital event; no exact full event-date bridge; no exact locality bridge; record supplies no relative bridge,https://www.wikitree.com/wiki/Glasgow-3357
fmp-glasgow-a8aad7760cba,Robert Glasgow,burgess admission,16 Jan 1684,Edinburgh,no_confirmed_match_candidates_only,no_confirmed_match_candidates_only,Glasgow-3693,possible_candidate,False,False,False,profile has no structured field for this non-vital event; no exact full event-date bridge; no exact locality bridge; record supplies no relative bridge,https://www.wikitree.com/wiki/Glasgow-3693
fmp-glasgow-a8aad7760cba,Robert Glasgow,burgess admission,16 Jan 1684,Edinburgh,no_confirmed_match_candidates_only,no_confirmed_match_candidates_only,Glasgow-3938,possible_candidate,False,False,False,profile has no structured field for this non-vital event; no exact full event-date bridge; no exact locality bridge; record supplies no relative bridge,https://www.wikitree.com/wiki/Glasgow-3938
fmp-glasgow-a8c6a341ce3a,Jean Glasgow,baptism,27 Mar 1735,Kilmarnock,no_confirmed_match_candidates_only,no_confirmed_match_candidates_only,Anderson-83920,possible_candidate,False,False,False,no exact full event-date bridge; no exact locality bridge; named record relatives do not all resolve exactly on the profile,https://www.wikitree.com/wiki/Anderson-83920
fmp-glasgow-a8c6a341ce3a,Jean Glasgow,baptism,27 Mar 1735,Kilmarnock,no_confirmed_match_candidates_only,no_confirmed_match_candidates_only,Glasgow-3469,possible_candidate,False,False,False,no exact full event-date bridge; no exact locality bridge; named record relatives do not all resolve exactly on the profile,https://www.wikitree.com/wiki/Glasgow-3469
fmp-glasgow-a8c6a341ce3a,Jean Glasgow,baptism,27 Mar 1735,Kilmarnock,no_confirmed_match_candidates_only,no_confirmed_match_candidates_only,Glasgow-810,possible_candidate,False,False,False,no exact full event-date bridge; no exact locality bridge; named record relatives do not all resolve exactly on the profile,https://www.wikitree.com/wiki/Glasgow-810
fmp-glasgow-a8ea1428813a,Sarah Glasgow,baptism,03 Jul 1726,Irvine,no_confirmed_match_candidates_only,no_confirmed_match_candidates_only,Glasgow-2451,possible_candidate,False,False,False,no exact full event-date bridge; no exact locality bridge; named record relatives do not all resolve exactly on the profile,https://www.wikitree.com/wiki/Glasgow-2451
fmp-glasgow-acb584e39d2b,Peter Glasgow,baptism,23 May 1699,Edinburgh,no_confirmed_match_candidates_only,no_confirmed_match_candidates_only,Glasgow-3102,possible_candidate,False,True,False,no exact full event-date bridge; named record relatives do not all resolve exactly on the profile,https://www.wikitree.com/wiki/Glasgow-3102
fmp-glasgow-ad30a52bccad,James Glasgow,apprenticeship,18 Oct 1693,Edinburgh,no_confirmed_match_candidates_only,no_confirmed_match_candidates_only,Glasgow-1150,possible_candidate,False,False,False,profile has no structured field for this non-vital event; no exact full event-date bridge; no exact locality bridge; named record relatives do not all resolve exactly on the profile,https://www.wikitree.com/wiki/Glasgow-1150
fmp-glasgow-ad30a52bccad,James Glasgow,apprenticeship,18 Oct 1693,Edinburgh,no_confirmed_match_candidates_only,no_confirmed_match_candidates_only,Glasgow-1376,possible_candidate,False,False,False,profile has no structured field for this non-vital event; no exact full event-date bridge; no exact locality bridge; named record relatives do not all resolve exactly on the profile,https://www.wikitree.com/wiki/Glasgow-1376
fmp-glasgow-ad30a52bccad,James Glasgow,apprenticeship,18 Oct 1693,Edinburgh,no_confirmed_match_candidates_only,no_confirmed_match_candidates_only,Glasgow-1496,possible_candidate,False,False,False,profile has no structured field for this non-vital event; no exact full event-date bridge; no exact locality bridge; named record relatives do not all resolve exactly on the profile,https://www.wikitree.com/wiki/Glasgow-1496
fmp-glasgow-ad30a52bccad,James Glasgow,apprenticeship,18 Oct 1693,Edinburgh,no_confirmed_match_candidates_only,no_confirmed_match_candidates_only,Glasgow-2682,possible_candidate,False,False,False,profile has no structured field for this non-vital event; no exact full event-date bridge; no exact locality bridge; named record relatives do not all resolve exactly on the profile,https://www.wikitree.com/wiki/Glasgow-2682
fmp-glasgow-ad30a52bccad,James Glasgow,apprenticeship,18 Oct 1693,Edinburgh,no_confirmed_match_candidates_only,no_confirmed_match_candidates_only,Glasgow-3001,possible_candidate,False,False,False,profile has no structured field for this non-vital event; no exact full event-date bridge; no exact locality bridge; named record relatives do not all resolve exactly on the profile,https://www.wikitree.com/wiki/Glasgow-3001
fmp-glasgow-ad30a52bccad,James Glasgow,apprenticeship,18 Oct 1693,Edinburgh,no_confirmed_match_candidates_only,no_confirmed_match_candidates_only,Glasgow-3076,possible_candidate,False,False,False,profile has no structured field for this non-vital event; no exact full event-date bridge; no exact locality bridge; named record relatives do not all resolve exactly on the profile,https://www.wikitree.com/wiki/Glasgow-3076
fmp-glasgow-ad30a52bccad,James Glasgow,apprenticeship,18 Oct 1693,Edinburgh,no_confirmed_match_candidates_only,no_confirmed_match_candidates_only,Glasgow-3077,possible_candidate,False,False,False,profile has no structured field for this non-vital event; no exact full event-date bridge; no exact locality bridge; named record relatives do not all resolve exactly on the profile,https://www.wikitree.com/wiki/Glasgow-3077
fmp-glasgow-ad30a52bccad,James Glasgow,apprenticeship,18 Oct 1693,Edinburgh,no_confirmed_match_candidates_only,no_confirmed_match_candidates_only,Glasgow-3103,possible_candidate,False,False,False,profile has no structured field for this non-vital event; no exact full event-date bridge; no exact locality bridge; named record relatives do not all resolve exactly on the profile,https://www.wikitree.com/wiki/Glasgow-3103
fmp-glasgow-ad30a52bccad,James Glasgow,apprenticeship,18 Oct 1693,Edinburgh,no_confirmed_match_candidates_only,no_confirmed_match_candidates_only,Glasgow-3105,possible_candidate,False,False,False,profile has no structured field for this non-vital event; no exact full event-date bridge; no exact locality bridge; named record relatives do not all resolve exactly on the profile,https://www.wikitree.com/wiki/Glasgow-3105
fmp-glasgow-ad30a52bccad,James Glasgow,apprenticeship,18 Oct 1693,Edinburgh,no_confirmed_match_candidates_only,no_confirmed_match_candidates_only,Glasgow-3107,possible_candidate,False,False,False,profile has no structured field for this non-vital event; no exact full event-date bridge; no exact locality bridge; named record relatives do not all resolve exactly on the profile,https://www.wikitree.com/wiki/Glasgow-3107
fmp-glasgow-ad30a52bccad,James Glasgow,apprenticeship,18 Oct 1693,Edinburgh,no_confirmed_match_candidates_only,no_confirmed_match_candidates_only,Glasgow-3332,possible_candidate,False,False,False,profile has no structured field for this non-vital event; no exact full event-date bridge; no exact locality bridge; named record relatives do not all resolve exactly on the profile,https://www.wikitree.com/wiki/Glasgow-3332
fmp-glasgow-ad30a52bccad,James Glasgow,apprenticeship,18 Oct 1693,Edinburgh,no_confirmed_match_candidates_only,no_confirmed_match_candidates_only,Glasgow-3337,possible_candidate,False,False,False,profile has no structured field for this non-vital event; no exact full event-date bridge; no exact locality bridge; named record relatives do not all resolve exactly on the profile,https://www.wikitree.com/wiki/Glasgow-3337
fmp-glasgow-ad30a52bccad,James Glasgow,apprenticeship,18 Oct 1693,Edinburgh,no_confirmed_match_candidates_only,no_confirmed_match_candidates_only,Glasgow-3368,possible_candidate,False,False,False,profile has no structured field for this non-vital event; no exact full event-date bridge; no exact locality bridge; named record relatives do not all resolve exactly on the profile,https://www.wikitree.com/wiki/Glasgow-3368
fmp-glasgow-ad30a52bccad,James Glasgow,apprenticeship,18 Oct 1693,Edinburgh,no_confirmed_match_candidates_only,no_confirmed_match_candidates_only,Glasgow-3923,possible_candidate,False,False,False,profile has no structured field for this non-vital event; no exact full event-date bridge; no exact locality bridge; named record relatives do not all resolve exactly on the profile,https://www.wikitree.com/wiki/Glasgow-3923
fmp-glasgow-ad30a52bccad,James Glasgow,apprenticeship,18 Oct 1693,Edinburgh,no_confirmed_match_candidates_only,no_confirmed_match_candidates_only,Glasgow-3969,possible_candidate,False,False,False,profile has no structured field for this non-vital event; no exact full event-date bridge; no exact locality bridge; named record relatives do not all resolve exactly on the profile,https://www.wikitree.com/wiki/Glasgow-3969
fmp-glasgow-ad30a52bccad,James Glasgow,apprenticeship,18 Oct 1693,Edinburgh,no_confirmed_match_candidates_only,no_confirmed_match_candidates_only,Glasgow-3971,possible_candidate,False,False,False,profile has no structured field for this non-vital event; no exact full event-date bridge; no exact locality bridge; named record relatives do not all resolve exactly on the profile,https://www.wikitree.com/wiki/Glasgow-3971
fmp-glasgow-ad30a52bccad,James Glasgow,apprenticeship,18 Oct 1693,Edinburgh,no_confirmed_match_candidates_only,no_confirmed_match_candidates_only,Glasgow-635,possible_candidate,False,False,False,profile has no structured field for this non-vital event; no exact full event-date bridge; no exact locality bridge; named record relatives do not all resolve exactly on the profile,https://www.wikitree.com/wiki/Glasgow-635
fmp-glasgow-aedae76254f6,William Glasgow,baptism,26 Jun 1715,Kilwinning,confirmed_match,not_applicable_confirmed,Glasgow-1061,confirmed_match,True,True,True,,https://www.wikitree.com/wiki/Glasgow-1061
fmp-glasgow-aedae76254f6,William Glasgow,baptism,26 Jun 1715,Kilwinning,confirmed_match,not_applicable_confirmed,Glasgow-3586,possible_candidate,False,False,False,no exact full event-date bridge; no exact locality bridge; named record relatives do not all resolve exactly on the profile,https://www.wikitree.com/wiki/Glasgow-3586
fmp-glasgow-aedca3d838c1,Agnes Glasgow,baptism,17 Feb 1712,Walston,no_wikitree_match_found,no_wikitree_match_found,,no_candidate,,,,,
fmp-glasgow-b3f717279cff,William Glasgow,baptism,20 Aug 1704,Kilbirnie,no_confirmed_match_candidates_only,no_confirmed_match_candidates_only,Glasgow-1318,possible_candidate,False,False,False,no exact full event-date bridge; no exact locality bridge; named record relatives do not all resolve exactly on the profile,https://www.wikitree.com/wiki/Glasgow-1318
fmp-glasgow-b3f717279cff,William Glasgow,baptism,20 Aug 1704,Kilbirnie,no_confirmed_match_candidates_only,no_confirmed_match_candidates_only,Glasgow-3288,possible_candidate,True,False,False,no exact locality bridge; named record relatives do not all resolve exactly on the profile,https://www.wikitree.com/wiki/Glasgow-3288
fmp-glasgow-b3f717279cff,William Glasgow,baptism,20 Aug 1704,Kilbirnie,no_confirmed_match_candidates_only,no_confirmed_match_candidates_only,Glasgow-3408,possible_candidate,False,False,False,no exact full event-date bridge; no exact locality bridge; named record relatives do not all resolve exactly on the profile,https://www.wikitree.com/wiki/Glasgow-3408
fmp-glasgow-b4821b754264,John Glasgow,baptism,27 Jun 1721,Irvine,no_confirmed_match_candidates_only,no_confirmed_match_candidates_only,Glasgow-1062,possible_candidate,False,False,False,no exact full event-date bridge; no exact locality bridge; named record relatives do not all resolve exactly on the profile,https://www.wikitree.com/wiki/Glasgow-1062
fmp-glasgow-b4821b754264,John Glasgow,baptism,27 Jun 1721,Irvine,no_confirmed_match_candidates_only,no_confirmed_match_candidates_only,Glasgow-1139,possible_candidate,True,True,False,named record relatives do not all resolve exactly on the profile,https://www.wikitree.com/wiki/Glasgow-1139
fmp-glasgow-b4821b754264,John Glasgow,baptism,27 Jun 1721,Irvine,no_confirmed_match_candidates_only,no_confirmed_match_candidates_only,Glasgow-1930,possible_candidate,False,False,False,no exact full event-date bridge; no exact locality bridge; named record relatives do not all resolve exactly on the profile,https://www.wikitree.com/wiki/Glasgow-1930
fmp-glasgow-b4821b754264,John Glasgow,baptism,27 Jun 1721,Irvine,no_confirmed_match_candidates_only,no_confirmed_match_candidates_only,Glasgow-2870,possible_candidate,False,False,False,no exact full event-date bridge; no exact locality bridge; named record relatives do not all resolve exactly on the profile,https://www.wikitree.com/wiki/Glasgow-2870
fmp-glasgow-b5653009bab7,Edward Glasgow,Rate Books,1726,London,no_wikitree_match_found,no_wikitree_match_found,,no_candidate,,,,,
fmp-glasgow-b5d1097ac4ed,Jannet Glasgow,baptism,11 Jan 1736,Kilbirnie,no_confirmed_match_candidates_only,no_confirmed_match_candidates_only,Glasgow-3008,possible_candidate,False,True,False,no exact full event-date bridge; named record relatives do not all resolve exactly on the profile,https://www.wikitree.com/wiki/Glasgow-3008
fmp-glasgow-b5d1097ac4ed,Jannet Glasgow,baptism,11 Jan 1736,Kilbirnie,no_confirmed_match_candidates_only,no_confirmed_match_candidates_only,Glasgow-3423,possible_candidate,False,False,False,no exact full event-date bridge; no exact locality bridge; named record relatives do not all resolve exactly on the profile,https://www.wikitree.com/wiki/Glasgow-3423
fmp-glasgow-b6174913c647,Robert Glasgow,baptism,23 Jul 1728,Irvine,no_confirmed_match_candidates_only,no_confirmed_match_candidates_only,Glasgow-1132,possible_candidate,False,False,True,no exact full event-date bridge; no exact locality bridge,https://www.wikitree.com/wiki/Glasgow-1132
fmp-glasgow-b741e434199b,James Glasgow,Occupations,,,no_confirmed_match_candidates_only,no_confirmed_match_candidates_only,Glasgow-1131,possible_candidate,False,False,False,profile has no structured field for this non-vital event; no exact full event-date bridge; no exact locality bridge; record supplies no relative bridge,https://www.wikitree.com/wiki/Glasgow-1131
fmp-glasgow-b741e434199b,James Glasgow,Occupations,,,no_confirmed_match_candidates_only,no_confirmed_match_candidates_only,Glasgow-1140,possible_candidate,False,False,False,profile has no structured field for this non-vital event; no exact full event-date bridge; no exact locality bridge; record supplies no relative bridge,https://www.wikitree.com/wiki/Glasgow-1140
fmp-glasgow-b741e434199b,James Glasgow,Occupations,,,no_confirmed_match_candidates_only,no_confirmed_match_candidates_only,Glasgow-1238,possible_candidate,False,False,False,profile has no structured field for this non-vital event; no exact full event-date bridge; no exact locality bridge; record supplies no relative bridge,https://www.wikitree.com/wiki/Glasgow-1238
fmp-glasgow-b741e434199b,James Glasgow,Occupations,,,no_confirmed_match_candidates_only,no_confirmed_match_candidates_only,Glasgow-1316,possible_candidate,False,False,False,profile has no structured field for this non-vital event; no exact full event-date bridge; no exact locality bridge; record supplies no relative bridge,https://www.wikitree.com/wiki/Glasgow-1316
fmp-glasgow-b741e434199b,James Glasgow,Occupations,,,no_confirmed_match_candidates_only,no_confirmed_match_candidates_only,Glasgow-1376,possible_candidate,False,False,False,profile has no structured field for this non-vital event; no exact full event-date bridge; no exact locality bridge; record supplies no relative bridge,https://www.wikitree.com/wiki/Glasgow-1376
fmp-glasgow-b741e434199b,James Glasgow,Occupations,,,no_confirmed_match_candidates_only,no_confirmed_match_candidates_only,Glasgow-1496,possible_candidate,False,False,False,profile has no structured field for this non-vital event; no exact full event-date bridge; no exact locality bridge; record supplies no relative bridge,https://www.wikitree.com/wiki/Glasgow-1496
fmp-glasgow-b741e434199b,James Glasgow,Occupations,,,no_confirmed_match_candidates_only,no_confirmed_match_candidates_only,Glasgow-1547,possible_candidate,False,False,False,profile has no structured field for this non-vital event; no exact full event-date bridge; no exact locality bridge; record supplies no relative bridge,https://www.wikitree.com/wiki/Glasgow-1547
fmp-glasgow-b741e434199b,James Glasgow,Occupations,,,no_confirmed_match_candidates_only,no_confirmed_match_candidates_only,Glasgow-1932,possible_candidate,False,False,False,profile has no structured field for this non-vital event; no exact full event-date bridge; no exact locality bridge; record supplies no relative bridge,https://www.wikitree.com/wiki/Glasgow-1932
fmp-glasgow-b741e434199b,James Glasgow,Occupations,,,no_confirmed_match_candidates_only,no_confirmed_match_candidates_only,Glasgow-2682,possible_candidate,False,False,False,profile has no structured field for this non-vital event; no exact full event-date bridge; no exact locality bridge; record supplies no relative bridge,https://www.wikitree.com/wiki/Glasgow-2682
fmp-glasgow-b741e434199b,James Glasgow,Occupations,,,no_confirmed_match_candidates_only,no_confirmed_match_candidates_only,Glasgow-2868,possible_candidate,False,False,False,profile has no structured field for this non-vital event; no exact full event-date bridge; no exact locality bridge; record supplies no relative bridge,https://www.wikitree.com/wiki/Glasgow-2868
fmp-glasgow-b741e434199b,James Glasgow,Occupations,,,no_confirmed_match_candidates_only,no_confirmed_match_candidates_only,Glasgow-3001,possible_candidate,False,False,False,profile has no structured field for this non-vital event; no exact full event-date bridge; no exact locality bridge; record supplies no relative bridge,https://www.wikitree.com/wiki/Glasgow-3001
fmp-glasgow-b741e434199b,James Glasgow,Occupations,,,no_confirmed_match_candidates_only,no_confirmed_match_candidates_only,Glasgow-3076,possible_candidate,False,False,False,profile has no structured field for this non-vital event; no exact full event-date bridge; no exact locality bridge; record supplies no relative bridge,https://www.wikitree.com/wiki/Glasgow-3076
fmp-glasgow-b741e434199b,James Glasgow,Occupations,,,no_confirmed_match_candidates_only,no_confirmed_match_candidates_only,Glasgow-3077,possible_candidate,False,False,False,profile has no structured field for this non-vital event; no exact full event-date bridge; no exact locality bridge; record supplies no relative bridge,https://www.wikitree.com/wiki/Glasgow-3077
fmp-glasgow-b741e434199b,James Glasgow,Occupations,,,no_confirmed_match_candidates_only,no_confirmed_match_candidates_only,Glasgow-3103,possible_candidate,False,False,False,profile has no structured field for this non-vital event; no exact full event-date bridge; no exact locality bridge; record supplies no relative bridge,https://www.wikitree.com/wiki/Glasgow-3103
fmp-glasgow-b741e434199b,James Glasgow,Occupations,,,no_confirmed_match_candidates_only,no_confirmed_match_candidates_only,Glasgow-3104,possible_candidate,False,False,False,profile has no structured field for this non-vital event; no exact full event-date bridge; no exact locality bridge; record supplies no relative bridge,https://www.wikitree.com/wiki/Glasgow-3104
fmp-glasgow-b741e434199b,James Glasgow,Occupations,,,no_confirmed_match_candidates_only,no_confirmed_match_candidates_only,Glasgow-3105,possible_candidate,False,False,False,profile has no structured field for this non-vital event; no exact full event-date bridge; no exact locality bridge; record supplies no relative bridge,https://www.wikitree.com/wiki/Glasgow-3105
fmp-glasgow-b741e434199b,James Glasgow,Occupations,,,no_confirmed_match_candidates_only,no_confirmed_match_candidates_only,Glasgow-3107,possible_candidate,False,False,False,profile has no structured field for this non-vital event; no exact full event-date bridge; no exact locality bridge; record supplies no relative bridge,https://www.wikitree.com/wiki/Glasgow-3107
fmp-glasgow-b741e434199b,James Glasgow,Occupations,,,no_confirmed_match_candidates_only,no_confirmed_match_candidates_only,Glasgow-3332,possible_candidate,False,False,False,profile has no structured field for this non-vital event; no exact full event-date bridge; no exact locality bridge; record supplies no relative bridge,https://www.wikitree.com/wiki/Glasgow-3332
fmp-glasgow-b741e434199b,James Glasgow,Occupations,,,no_confirmed_match_candidates_only,no_confirmed_match_candidates_only,Glasgow-3337,possible_candidate,False,False,False,profile has no structured field for this non-vital event; no exact full event-date bridge; no exact locality bridge; record supplies no relative bridge,https://www.wikitree.com/wiki/Glasgow-3337
fmp-glasgow-b741e434199b,James Glasgow,Occupations,,,no_confirmed_match_candidates_only,no_confirmed_match_candidates_only,Glasgow-3368,possible_candidate,False,False,False,profile has no structured field for this non-vital event; no exact full event-date bridge; no exact locality bridge; record supplies no relative bridge,https://www.wikitree.com/wiki/Glasgow-3368
fmp-glasgow-b741e434199b,James Glasgow,Occupations,,,no_confirmed_match_candidates_only,no_confirmed_match_candidates_only,Glasgow-3523,possible_candidate,False,False,False,profile has no structured field for this non-vital event; no exact full event-date bridge; no exact locality bridge; record supplies no relative bridge,https://www.wikitree.com/wiki/Glasgow-3523
fmp-glasgow-b741e434199b,James Glasgow,Occupations,,,no_confirmed_match_candidates_only,no_confirmed_match_candidates_only,Glasgow-3526,possible_candidate,False,False,False,profile has no structured field for this non-vital event; no exact full event-date bridge; no exact locality bridge; record supplies no relative bridge,https://www.wikitree.com/wiki/Glasgow-3526
fmp-glasgow-b741e434199b,James Glasgow,Occupations,,,no_confirmed_match_candidates_only,no_confirmed_match_candidates_only,Glasgow-3969,possible_candidate,False,False,False,profile has no structured field for this non-vital event; no exact full event-date bridge; no exact locality bridge; record supplies no relative bridge,https://www.wikitree.com/wiki/Glasgow-3969
fmp-glasgow-b741e434199b,James Glasgow,Occupations,,,no_confirmed_match_candidates_only,no_confirmed_match_candidates_only,Glasgow-3971,possible_candidate,False,False,False,profile has no structured field for this non-vital event; no exact full event-date bridge; no exact locality bridge; record supplies no relative bridge,https://www.wikitree.com/wiki/Glasgow-3971
fmp-glasgow-b741e434199b,James Glasgow,Occupations,,,no_confirmed_match_candidates_only,no_confirmed_match_candidates_only,Glasgow-635,possible_candidate,False,False,False,profile has no structured field for this non-vital event; no exact full event-date bridge; no exact locality bridge; record supplies no relative bridge,https://www.wikitree.com/wiki/Glasgow-635
fmp-glasgow-b8c8c6842a85,John Glasgow,baptism,15 Oct 1689,Torryburn,no_confirmed_match_candidates_only,no_confirmed_match_candidates_only,Glasgow-1077,possible_candidate,False,False,False,no exact full event-date bridge; no exact locality bridge; named record relatives do not all resolve exactly on the profile,https://www.wikitree.com/wiki/Glasgow-1077
fmp-glasgow-baa0969903c8,John Glasgow,residence/migration,,,no_confirmed_match_candidates_only,no_confirmed_match_candidates_only,Glasgow-3161,possible_candidate,False,False,False,profile has no structured field for this non-vital event; no exact full event-date bridge; no exact locality bridge; record supplies no relative bridge,https://www.wikitree.com/wiki/Glasgow-3161
fmp-glasgow-bacd8e7498f2,Will Glasgow,baptism,16 Apr 1706,Irvine,no_wikitree_match_found,no_wikitree_match_found,,no_candidate,,,,,
fmp-glasgow-bbae38da8bd2,Margaret Glasgow,baptism,17 Apr 1691,Kilbirnie,no_confirmed_match_candidates_only,no_confirmed_match_candidates_only,Davidson-20783,possible_candidate,False,False,False,no exact full event-date bridge; no exact locality bridge; named record relatives do not all resolve exactly on the profile,https://www.wikitree.com/wiki/Davidson-20783
fmp-glasgow-bbae38da8bd2,Margaret Glasgow,baptism,17 Apr 1691,Kilbirnie,no_confirmed_match_candidates_only,no_confirmed_match_candidates_only,Glasgow-1154,possible_candidate,False,True,False,no exact full event-date bridge; named record relatives do not all resolve exactly on the profile,https://www.wikitree.com/wiki/Glasgow-1154
fmp-glasgow-bbae38da8bd2,Margaret Glasgow,baptism,17 Apr 1691,Kilbirnie,no_confirmed_match_candidates_only,no_confirmed_match_candidates_only,Glasgow-2681,possible_candidate,False,False,False,no exact full event-date bridge; no exact locality bridge; named record relatives do not all resolve exactly on the profile,https://www.wikitree.com/wiki/Glasgow-2681
fmp-glasgow-bbae38da8bd2,Margaret Glasgow,baptism,17 Apr 1691,Kilbirnie,no_confirmed_match_candidates_only,no_confirmed_match_candidates_only,Glasgow-2730,possible_candidate,False,False,False,no exact full event-date bridge; no exact locality bridge; named record relatives do not all resolve exactly on the profile,https://www.wikitree.com/wiki/Glasgow-2730
fmp-glasgow-bebf9b2396a7,John Glasgow,baptism,,Ayr,no_confirmed_match_candidates_only,no_confirmed_match_candidates_only,Glasgow-2467,possible_candidate,False,False,False,no exact full event-date bridge; no exact locality bridge; named record relatives do not all resolve exactly on the profile,https://www.wikitree.com/wiki/Glasgow-2467
fmp-glasgow-bebf9b2396a7,John Glasgow,baptism,,Ayr,no_confirmed_match_candidates_only,no_confirmed_match_candidates_only,Glasgow-2847,possible_candidate,False,False,False,no exact full event-date bridge; no exact locality bridge; named record relatives do not all resolve exactly on the profile,https://www.wikitree.com/wiki/Glasgow-2847
fmp-glasgow-bebf9b2396a7,John Glasgow,baptism,,Ayr,no_confirmed_match_candidates_only,no_confirmed_match_candidates_only,Glasgow-3006,possible_candidate,False,False,False,no exact full event-date bridge; no exact locality bridge; named record relatives do not all resolve exactly on the profile,https://www.wikitree.com/wiki/Glasgow-3006
fmp-glasgow-bebf9b2396a7,John Glasgow,baptism,,Ayr,no_confirmed_match_candidates_only,no_confirmed_match_candidates_only,Glasgow-3481,possible_candidate,False,False,False,no exact full event-date bridge; no exact locality bridge; named record relatives do not all resolve exactly on the profile,https://www.wikitree.com/wiki/Glasgow-3481
fmp-glasgow-bebf9b2396a7,John Glasgow,baptism,,Ayr,no_confirmed_match_candidates_only,no_confirmed_match_candidates_only,Glasgow-3487,possible_candidate,False,False,True,no exact full event-date bridge; no exact locality bridge,https://www.wikitree.com/wiki/Glasgow-3487
fmp-glasgow-bebf9b2396a7,John Glasgow,baptism,,Ayr,no_confirmed_match_candidates_only,no_confirmed_match_candidates_only,Glasgow-3582,possible_candidate,False,False,False,no exact full event-date bridge; no exact locality bridge; named record relatives do not all resolve exactly on the profile,https://www.wikitree.com/wiki/Glasgow-3582
fmp-glasgow-bf1cc3d3601e,James Glasgow,apprenticeship,16 Nov 1659,Edinburgh,no_confirmed_match_candidates_only,no_confirmed_match_candidates_only,Glasgow-1150,possible_candidate,False,False,False,profile has no structured field for this non-vital event; no exact full event-date bridge; no exact locality bridge; named record relatives do not all resolve exactly on the profile,https://www.wikitree.com/wiki/Glasgow-1150
fmp-glasgow-bf1cc3d3601e,James Glasgow,apprenticeship,16 Nov 1659,Edinburgh,no_confirmed_match_candidates_only,no_confirmed_match_candidates_only,Glasgow-1376,possible_candidate,False,False,False,profile has no structured field for this non-vital event; no exact full event-date bridge; no exact locality bridge; named record relatives do not all resolve exactly on the profile,https://www.wikitree.com/wiki/Glasgow-1376
fmp-glasgow-bf1cc3d3601e,James Glasgow,apprenticeship,16 Nov 1659,Edinburgh,no_confirmed_match_candidates_only,no_confirmed_match_candidates_only,Glasgow-3077,possible_candidate,False,False,False,profile has no structured field for this non-vital event; no exact full event-date bridge; no exact locality bridge; named record relatives do not all resolve exactly on the profile,https://www.wikitree.com/wiki/Glasgow-3077
fmp-glasgow-bf1cc3d3601e,James Glasgow,apprenticeship,16 Nov 1659,Edinburgh,no_confirmed_match_candidates_only,no_confirmed_match_candidates_only,Glasgow-3107,possible_candidate,False,False,False,profile has no structured field for this non-vital event; no exact full event-date bridge; no exact locality bridge; named record relatives do not all resolve exactly on the profile,https://www.wikitree.com/wiki/Glasgow-3107
fmp-glasgow-bf1cc3d3601e,James Glasgow,apprenticeship,16 Nov 1659,Edinburgh,no_confirmed_match_candidates_only,no_confirmed_match_candidates_only,Glasgow-3172,possible_candidate,False,False,False,profile has no structured field for this non-vital event; no exact full event-date bridge; no exact locality bridge; named record relatives do not all resolve exactly on the profile,https://www.wikitree.com/wiki/Glasgow-3172
fmp-glasgow-bf1cc3d3601e,James Glasgow,apprenticeship,16 Nov 1659,Edinburgh,no_confirmed_match_candidates_only,no_confirmed_match_candidates_only,Glasgow-3332,possible_candidate,False,False,False,profile has no structured field for this non-vital event; no exact full event-date bridge; no exact locality bridge; named record relatives do not all resolve exactly on the profile,https://www.wikitree.com/wiki/Glasgow-3332
fmp-glasgow-bf1cc3d3601e,James Glasgow,apprenticeship,16 Nov 1659,Edinburgh,no_confirmed_match_candidates_only,no_confirmed_match_candidates_only,Glasgow-3337,possible_candidate,False,False,False,profile has no structured field for this non-vital event; no exact full event-date bridge; no exact locality bridge; named record relatives do not all resolve exactly on the profile,https://www.wikitree.com/wiki/Glasgow-3337
fmp-glasgow-bf1cc3d3601e,James Glasgow,apprenticeship,16 Nov 1659,Edinburgh,no_confirmed_match_candidates_only,no_confirmed_match_candidates_only,Glasgow-3923,possible_candidate,False,False,False,profile has no structured field for this non-vital event; no exact full event-date bridge; no exact locality bridge; named record relatives do not all resolve exactly on the profile,https://www.wikitree.com/wiki/Glasgow-3923
fmp-glasgow-bf1cc3d3601e,James Glasgow,apprenticeship,16 Nov 1659,Edinburgh,no_confirmed_match_candidates_only,no_confirmed_match_candidates_only,Glasgow-3971,possible_candidate,False,False,False,profile has no structured field for this non-vital event; no exact full event-date bridge; no exact locality bridge; named record relatives do not all resolve exactly on the profile,https://www.wikitree.com/wiki/Glasgow-3971
fmp-glasgow-bf1cc3d3601e,James Glasgow,apprenticeship,16 Nov 1659,Edinburgh,no_confirmed_match_candidates_only,no_confirmed_match_candidates_only,Glasgow-635,possible_candidate,False,False,False,profile has no structured field for this non-vital event; no exact full event-date bridge; no exact locality bridge; named record relatives do not all resolve exactly on the profile,https://www.wikitree.com/wiki/Glasgow-635
fmp-glasgow-bf1cc3d3601e,James Glasgow,apprenticeship,16 Nov 1659,Edinburgh,no_confirmed_match_candidates_only,no_confirmed_match_candidates_only,Glasgow-991,possible_candidate,False,False,False,profile has no structured field for this non-vital event; no exact full event-date bridge; no exact locality bridge; named record relatives do not all resolve exactly on the profile,https://www.wikitree.com/wiki/Glasgow-991
fmp-glasgow-c3671369d3b0,Grizell Glasgow,baptism,09 Aug 1724,Irvine,no_confirmed_match_candidates_only,no_confirmed_match_candidates_only,Glasgow-1245,possible_candidate,True,True,False,named record relatives do not all resolve exactly on the profile,https://www.wikitree.com/wiki/Glasgow-1245
fmp-glasgow-c3ca9b117e36,Katherine Glasgow,baptism,03 Sep 1727,Irvine,no_confirmed_match_candidates_only,no_confirmed_match_candidates_only,Glasgow-1472,possible_candidate,False,True,False,no exact full event-date bridge; named record relatives do not all resolve exactly on the profile,https://www.wikitree.com/wiki/Glasgow-1472
fmp-glasgow-c5f9840e310b,James Glasgow,baptism,11 Apr 1721,Irvine,no_confirmed_match_candidates_only,no_confirmed_match_candidates_only,Glasgow-1024,possible_candidate,False,False,False,no exact full event-date bridge; no exact locality bridge; named record relatives do not all resolve exactly on the profile,https://www.wikitree.com/wiki/Glasgow-1024
fmp-glasgow-c5f9840e310b,James Glasgow,baptism,11 Apr 1721,Irvine,no_confirmed_match_candidates_only,no_confirmed_match_candidates_only,Glasgow-1442,possible_candidate,False,False,False,no exact full event-date bridge; no exact locality bridge; named record relatives do not all resolve exactly on the profile,https://www.wikitree.com/wiki/Glasgow-1442
fmp-glasgow-c5f9840e310b,James Glasgow,baptism,11 Apr 1721,Irvine,no_confirmed_match_candidates_only,no_confirmed_match_candidates_only,Glasgow-2868,possible_candidate,False,False,False,no exact full event-date bridge; no exact locality bridge; named record relatives do not all resolve exactly on the profile,https://www.wikitree.com/wiki/Glasgow-2868
fmp-glasgow-c5f9840e310b,James Glasgow,baptism,11 Apr 1721,Irvine,no_confirmed_match_candidates_only,no_confirmed_match_candidates_only,Glasgow-2916,possible_candidate,False,False,False,no exact full event-date bridge; no exact locality bridge; named record relatives do not all resolve exactly on the profile,https://www.wikitree.com/wiki/Glasgow-2916
fmp-glasgow-c5f9840e310b,James Glasgow,baptism,11 Apr 1721,Irvine,no_confirmed_match_candidates_only,no_confirmed_match_candidates_only,Glasgow-2988,possible_candidate,False,False,False,no exact full event-date bridge; no exact locality bridge; named record relatives do not all resolve exactly on the profile,https://www.wikitree.com/wiki/Glasgow-2988
fmp-glasgow-c5f9840e310b,James Glasgow,baptism,11 Apr 1721,Irvine,no_confirmed_match_candidates_only,no_confirmed_match_candidates_only,Glasgow-3523,possible_candidate,False,False,False,no exact full event-date bridge; no exact locality bridge; named record relatives do not all resolve exactly on the profile,https://www.wikitree.com/wiki/Glasgow-3523
fmp-glasgow-c7dabfad5c23,Janet Glasgow,baptism,22 Apr 1718,Libberton,no_confirmed_match_candidates_only,no_confirmed_match_candidates_only,Cunningham-20925,possible_candidate,False,False,False,no exact full event-date bridge; no exact locality bridge; named record relatives do not all resolve exactly on the profile,https://www.wikitree.com/wiki/Cunningham-20925
fmp-glasgow-cc9a54fb3b86,James Glasgow,apprenticeship,7 May 1690,Edinburgh,no_confirmed_match_candidates_only,no_confirmed_match_candidates_only,Glasgow-1150,possible_candidate,False,False,False,profile has no structured field for this non-vital event; no exact full event-date bridge; no exact locality bridge; named record relatives do not all resolve exactly on the profile,https://www.wikitree.com/wiki/Glasgow-1150
fmp-glasgow-cc9a54fb3b86,James Glasgow,apprenticeship,7 May 1690,Edinburgh,no_confirmed_match_candidates_only,no_confirmed_match_candidates_only,Glasgow-1376,possible_candidate,False,False,False,profile has no structured field for this non-vital event; no exact full event-date bridge; no exact locality bridge; named record relatives do not all resolve exactly on the profile,https://www.wikitree.com/wiki/Glasgow-1376
fmp-glasgow-cc9a54fb3b86,James Glasgow,apprenticeship,7 May 1690,Edinburgh,no_confirmed_match_candidates_only,no_confirmed_match_candidates_only,Glasgow-1496,possible_candidate,False,False,False,profile has no structured field for this non-vital event; no exact full event-date bridge; no exact locality bridge; named record relatives do not all resolve exactly on the profile,https://www.wikitree.com/wiki/Glasgow-1496
fmp-glasgow-cc9a54fb3b86,James Glasgow,apprenticeship,7 May 1690,Edinburgh,no_confirmed_match_candidates_only,no_confirmed_match_candidates_only,Glasgow-2682,possible_candidate,False,False,False,profile has no structured field for this non-vital event; no exact full event-date bridge; no exact locality bridge; named record relatives do not all resolve exactly on the profile,https://www.wikitree.com/wiki/Glasgow-2682
fmp-glasgow-cc9a54fb3b86,James Glasgow,apprenticeship,7 May 1690,Edinburgh,no_confirmed_match_candidates_only,no_confirmed_match_candidates_only,Glasgow-3001,possible_candidate,False,False,False,profile has no structured field for this non-vital event; no exact full event-date bridge; no exact locality bridge; named record relatives do not all resolve exactly on the profile,https://www.wikitree.com/wiki/Glasgow-3001
fmp-glasgow-cc9a54fb3b86,James Glasgow,apprenticeship,7 May 1690,Edinburgh,no_confirmed_match_candidates_only,no_confirmed_match_candidates_only,Glasgow-3076,possible_candidate,False,False,True,profile has no structured field for this non-vital event; no exact full event-date bridge; no exact locality bridge,https://www.wikitree.com/wiki/Glasgow-3076
fmp-glasgow-cc9a54fb3b86,James Glasgow,apprenticeship,7 May 1690,Edinburgh,no_confirmed_match_candidates_only,no_confirmed_match_candidates_only,Glasgow-3077,possible_candidate,False,False,False,profile has no structured field for this non-vital event; no exact full event-date bridge; no exact locality bridge; named record relatives do not all resolve exactly on the profile,https://www.wikitree.com/wiki/Glasgow-3077
fmp-glasgow-cc9a54fb3b86,James Glasgow,apprenticeship,7 May 1690,Edinburgh,no_confirmed_match_candidates_only,no_confirmed_match_candidates_only,Glasgow-3103,possible_candidate,False,False,True,profile has no structured field for this non-vital event; no exact full event-date bridge; no exact locality bridge,https://www.wikitree.com/wiki/Glasgow-3103
fmp-glasgow-cc9a54fb3b86,James Glasgow,apprenticeship,7 May 1690,Edinburgh,no_confirmed_match_candidates_only,no_confirmed_match_candidates_only,Glasgow-3105,possible_candidate,False,False,False,profile has no structured field for this non-vital event; no exact full event-date bridge; no exact locality bridge; named record relatives do not all resolve exactly on the profile,https://www.wikitree.com/wiki/Glasgow-3105
fmp-glasgow-cc9a54fb3b86,James Glasgow,apprenticeship,7 May 1690,Edinburgh,no_confirmed_match_candidates_only,no_confirmed_match_candidates_only,Glasgow-3107,possible_candidate,False,False,False,profile has no structured field for this non-vital event; no exact full event-date bridge; no exact locality bridge; named record relatives do not all resolve exactly on the profile,https://www.wikitree.com/wiki/Glasgow-3107
fmp-glasgow-cc9a54fb3b86,James Glasgow,apprenticeship,7 May 1690,Edinburgh,no_confirmed_match_candidates_only,no_confirmed_match_candidates_only,Glasgow-3332,possible_candidate,False,False,False,profile has no structured field for this non-vital event; no exact full event-date bridge; no exact locality bridge; named record relatives do not all resolve exactly on the profile,https://www.wikitree.com/wiki/Glasgow-3332
fmp-glasgow-cc9a54fb3b86,James Glasgow,apprenticeship,7 May 1690,Edinburgh,no_confirmed_match_candidates_only,no_confirmed_match_candidates_only,Glasgow-3337,possible_candidate,False,False,False,profile has no structured field for this non-vital event; no exact full event-date bridge; no exact locality bridge; named record relatives do not all resolve exactly on the profile,https://www.wikitree.com/wiki/Glasgow-3337
fmp-glasgow-cc9a54fb3b86,James Glasgow,apprenticeship,7 May 1690,Edinburgh,no_confirmed_match_candidates_only,no_confirmed_match_candidates_only,Glasgow-3368,possible_candidate,False,False,True,profile has no structured field for this non-vital event; no exact full event-date bridge; no exact locality bridge,https://www.wikitree.com/wiki/Glasgow-3368
fmp-glasgow-cc9a54fb3b86,James Glasgow,apprenticeship,7 May 1690,Edinburgh,no_confirmed_match_candidates_only,no_confirmed_match_candidates_only,Glasgow-3923,possible_candidate,False,False,False,profile has no structured field for this non-vital event; no exact full event-date bridge; no exact locality bridge; named record relatives do not all resolve exactly on the profile,https://www.wikitree.com/wiki/Glasgow-3923
fmp-glasgow-cc9a54fb3b86,James Glasgow,apprenticeship,7 May 1690,Edinburgh,no_confirmed_match_candidates_only,no_confirmed_match_candidates_only,Glasgow-3969,possible_candidate,False,False,False,profile has no structured field for this non-vital event; no exact full event-date bridge; no exact locality bridge; named record relatives do not all resolve exactly on the profile,https://www.wikitree.com/wiki/Glasgow-3969
fmp-glasgow-cc9a54fb3b86,James Glasgow,apprenticeship,7 May 1690,Edinburgh,no_confirmed_match_candidates_only,no_confirmed_match_candidates_only,Glasgow-3971,possible_candidate,False,False,False,profile has no structured field for this non-vital event; no exact full event-date bridge; no exact locality bridge; named record relatives do not all resolve exactly on the profile,https://www.wikitree.com/wiki/Glasgow-3971
fmp-glasgow-cc9a54fb3b86,James Glasgow,apprenticeship,7 May 1690,Edinburgh,no_confirmed_match_candidates_only,no_confirmed_match_candidates_only,Glasgow-635,possible_candidate,False,False,False,profile has no structured field for this non-vital event; no exact full event-date bridge; no exact locality bridge; named record relatives do not all resolve exactly on the profile,https://www.wikitree.com/wiki/Glasgow-635
fmp-glasgow-cdbfe8e4475a,Hugh Glasgow,baptism,08 Dec 1713,Irvine,no_confirmed_match_candidates_only,no_confirmed_match_candidates_only,Glasgow-1426,possible_candidate,True,True,False,named record relatives do not all resolve exactly on the profile,https://www.wikitree.com/wiki/Glasgow-1426
fmp-glasgow-ce7a886e0868,Agnes Glasgow,baptism,21 Aug 1720,Libberton,no_wikitree_match_found,no_wikitree_match_found,,no_candidate,,,,,
fmp-glasgow-cf86ca3898e2,Margaret Glasgow,baptism,? Aug 1712,Kilwinning,no_confirmed_match_candidates_only,no_confirmed_match_candidates_only,Glasgow-1934,possible_candidate,False,True,False,no exact full event-date bridge; named record relatives do not all resolve exactly on the profile,https://www.wikitree.com/wiki/Glasgow-1934
fmp-glasgow-cf86ca3898e2,Margaret Glasgow,baptism,? Aug 1712,Kilwinning,no_confirmed_match_candidates_only,no_confirmed_match_candidates_only,Glasgow-2465,possible_candidate,False,True,True,no exact full event-date bridge,https://www.wikitree.com/wiki/Glasgow-2465
fmp-glasgow-cf86ca3898e2,Margaret Glasgow,baptism,? Aug 1712,Kilwinning,no_confirmed_match_candidates_only,no_confirmed_match_candidates_only,McEachin-120,possible_candidate,False,False,False,no exact full event-date bridge; no exact locality bridge; named record relatives do not all resolve exactly on the profile,https://www.wikitree.com/wiki/McEachin-120
fmp-glasgow-d086eba57157,Thomas Glasgow,court record,02/03/1692,Dublin,no_confirmed_match_candidates_only,no_confirmed_match_candidates_only,Glasgow-3556,possible_candidate,False,False,False,profile has no structured field for this non-vital event; no exact full event-date bridge; no exact locality bridge; record supplies no relative bridge,https://www.wikitree.com/wiki/Glasgow-3556
fmp-glasgow-d086eba57157,Thomas Glasgow,court record,02/03/1692,Dublin,no_confirmed_match_candidates_only,no_confirmed_match_candidates_only,Glasgow-3943,possible_candidate,False,False,False,profile has no structured field for this non-vital event; no exact full event-date bridge; no exact locality bridge; record supplies no relative bridge,https://www.wikitree.com/wiki/Glasgow-3943
fmp-glasgow-d086eba57157,Thomas Glasgow,court record,02/03/1692,Dublin,no_confirmed_match_candidates_only,no_confirmed_match_candidates_only,Glasgow-3964,possible_candidate,False,False,False,profile has no structured field for this non-vital event; no exact full event-date bridge; no exact locality bridge; record supplies no relative bridge,https://www.wikitree.com/wiki/Glasgow-3964
fmp-glasgow-d33ed1d5cc49,Robert Glasgow,baptism,17 Oct 1693,Kilbirnie,no_confirmed_match_candidates_only,no_confirmed_match_candidates_only,Glasgow-1075,possible_candidate,True,True,False,named record relatives do not all resolve exactly on the profile,https://www.wikitree.com/wiki/Glasgow-1075
fmp-glasgow-d59837c3bc8f,Hugh Glasgow,baptism,09 Mar 1736,Irvine,no_confirmed_match_candidates_only,no_confirmed_match_candidates_only,Glasgow-3426,possible_candidate,False,True,False,no exact full event-date bridge; named record relatives do not all resolve exactly on the profile,https://www.wikitree.com/wiki/Glasgow-3426
fmp-glasgow-d75c7c0eba0a,Thomas Glasgow,baptism,07 Nov 1725,Kilwinning,confirmed_match,not_applicable_confirmed,Glasgow-1023,confirmed_match,True,True,True,,https://www.wikitree.com/wiki/Glasgow-1023
fmp-glasgow-d7dbadd32481,John Glasgow,baptism,19 Dec 1703,Kilwinning,no_confirmed_match_candidates_only,no_confirmed_match_candidates_only,Glasgow-1544,possible_candidate,False,False,False,no exact full event-date bridge; no exact locality bridge; named record relatives do not all resolve exactly on the profile,https://www.wikitree.com/wiki/Glasgow-1544
fmp-glasgow-d7dbadd32481,John Glasgow,baptism,19 Dec 1703,Kilwinning,no_confirmed_match_candidates_only,no_confirmed_match_candidates_only,Glasgow-2464,possible_candidate,True,True,False,named record relatives do not all resolve exactly on the profile,https://www.wikitree.com/wiki/Glasgow-2464
fmp-glasgow-d7dbadd32481,John Glasgow,baptism,19 Dec 1703,Kilwinning,no_confirmed_match_candidates_only,no_confirmed_match_candidates_only,Glasgow-3901,possible_candidate,False,False,False,no exact full event-date bridge; no exact locality bridge; named record relatives do not all resolve exactly on the profile,https://www.wikitree.com/wiki/Glasgow-3901
fmp-glasgow-d7dbadd32481,John Glasgow,baptism,19 Dec 1703,Kilwinning,no_confirmed_match_candidates_only,no_confirmed_match_candidates_only,Glasgow-3959,possible_candidate,False,False,False,no exact full event-date bridge; no exact locality bridge; named record relatives do not all resolve exactly on the profile,https://www.wikitree.com/wiki/Glasgow-3959
fmp-glasgow-d7dbadd32481,John Glasgow,baptism,19 Dec 1703,Kilwinning,no_confirmed_match_candidates_only,no_confirmed_match_candidates_only,Glasgow-3960,possible_candidate,False,False,False,no exact full event-date bridge; no exact locality bridge; named record relatives do not all resolve exactly on the profile,https://www.wikitree.com/wiki/Glasgow-3960
fmp-glasgow-d8449b678fd3,Anne Glasgow,baptism,22 May 1689,Kilwinning,no_wikitree_match_found,no_wikitree_match_found,,no_candidate,,,,,
fmp-glasgow-de80d2a0451b,James Glasgow,apprenticeship,30 May 1677,Edinburgh,no_confirmed_match_candidates_only,no_confirmed_match_candidates_only,Glasgow-1150,possible_candidate,False,False,False,profile has no structured field for this non-vital event; no exact full event-date bridge; no exact locality bridge; named record relatives do not all resolve exactly on the profile,https://www.wikitree.com/wiki/Glasgow-1150
fmp-glasgow-de80d2a0451b,James Glasgow,apprenticeship,30 May 1677,Edinburgh,no_confirmed_match_candidates_only,no_confirmed_match_candidates_only,Glasgow-1376,possible_candidate,False,False,False,profile has no structured field for this non-vital event; no exact full event-date bridge; no exact locality bridge; named record relatives do not all resolve exactly on the profile,https://www.wikitree.com/wiki/Glasgow-1376
fmp-glasgow-de80d2a0451b,James Glasgow,apprenticeship,30 May 1677,Edinburgh,no_confirmed_match_candidates_only,no_confirmed_match_candidates_only,Glasgow-1496,possible_candidate,False,False,False,profile has no structured field for this non-vital event; no exact full event-date bridge; no exact locality bridge; named record relatives do not all resolve exactly on the profile,https://www.wikitree.com/wiki/Glasgow-1496
fmp-glasgow-de80d2a0451b,James Glasgow,apprenticeship,30 May 1677,Edinburgh,no_confirmed_match_candidates_only,no_confirmed_match_candidates_only,Glasgow-2682,possible_candidate,False,False,False,profile has no structured field for this non-vital event; no exact full event-date bridge; no exact locality bridge; named record relatives do not all resolve exactly on the profile,https://www.wikitree.com/wiki/Glasgow-2682
fmp-glasgow-de80d2a0451b,James Glasgow,apprenticeship,30 May 1677,Edinburgh,no_confirmed_match_candidates_only,no_confirmed_match_candidates_only,Glasgow-3001,possible_candidate,False,False,False,profile has no structured field for this non-vital event; no exact full event-date bridge; no exact locality bridge; named record relatives do not all resolve exactly on the profile,https://www.wikitree.com/wiki/Glasgow-3001
fmp-glasgow-de80d2a0451b,James Glasgow,apprenticeship,30 May 1677,Edinburgh,no_confirmed_match_candidates_only,no_confirmed_match_candidates_only,Glasgow-3076,possible_candidate,False,False,False,profile has no structured field for this non-vital event; no exact full event-date bridge; no exact locality bridge; named record relatives do not all resolve exactly on the profile,https://www.wikitree.com/wiki/Glasgow-3076
fmp-glasgow-de80d2a0451b,James Glasgow,apprenticeship,30 May 1677,Edinburgh,no_confirmed_match_candidates_only,no_confirmed_match_candidates_only,Glasgow-3077,possible_candidate,False,False,False,profile has no structured field for this non-vital event; no exact full event-date bridge; no exact locality bridge; named record relatives do not all resolve exactly on the profile,https://www.wikitree.com/wiki/Glasgow-3077
fmp-glasgow-de80d2a0451b,James Glasgow,apprenticeship,30 May 1677,Edinburgh,no_confirmed_match_candidates_only,no_confirmed_match_candidates_only,Glasgow-3107,possible_candidate,False,False,False,profile has no structured field for this non-vital event; no exact full event-date bridge; no exact locality bridge; named record relatives do not all resolve exactly on the profile,https://www.wikitree.com/wiki/Glasgow-3107
fmp-glasgow-de80d2a0451b,James Glasgow,apprenticeship,30 May 1677,Edinburgh,no_confirmed_match_candidates_only,no_confirmed_match_candidates_only,Glasgow-3172,possible_candidate,False,False,False,profile has no structured field for this non-vital event; no exact full event-date bridge; no exact locality bridge; named record relatives do not all resolve exactly on the profile,https://www.wikitree.com/wiki/Glasgow-3172
fmp-glasgow-de80d2a0451b,James Glasgow,apprenticeship,30 May 1677,Edinburgh,no_confirmed_match_candidates_only,no_confirmed_match_candidates_only,Glasgow-3332,possible_candidate,False,False,False,profile has no structured field for this non-vital event; no exact full event-date bridge; no exact locality bridge; named record relatives do not all resolve exactly on the profile,https://www.wikitree.com/wiki/Glasgow-3332
fmp-glasgow-de80d2a0451b,James Glasgow,apprenticeship,30 May 1677,Edinburgh,no_confirmed_match_candidates_only,no_confirmed_match_candidates_only,Glasgow-3337,possible_candidate,False,False,False,profile has no structured field for this non-vital event; no exact full event-date bridge; no exact locality bridge; named record relatives do not all resolve exactly on the profile,https://www.wikitree.com/wiki/Glasgow-3337
fmp-glasgow-de80d2a0451b,James Glasgow,apprenticeship,30 May 1677,Edinburgh,no_confirmed_match_candidates_only,no_confirmed_match_candidates_only,Glasgow-3923,possible_candidate,False,False,False,profile has no structured field for this non-vital event; no exact full event-date bridge; no exact locality bridge; named record relatives do not all resolve exactly on the profile,https://www.wikitree.com/wiki/Glasgow-3923
fmp-glasgow-de80d2a0451b,James Glasgow,apprenticeship,30 May 1677,Edinburgh,no_confirmed_match_candidates_only,no_confirmed_match_candidates_only,Glasgow-3971,possible_candidate,False,False,False,profile has no structured field for this non-vital event; no exact full event-date bridge; no exact locality bridge; named record relatives do not all resolve exactly on the profile,https://www.wikitree.com/wiki/Glasgow-3971
fmp-glasgow-de80d2a0451b,James Glasgow,apprenticeship,30 May 1677,Edinburgh,no_confirmed_match_candidates_only,no_confirmed_match_candidates_only,Glasgow-635,possible_candidate,False,False,False,profile has no structured field for this non-vital event; no exact full event-date bridge; no exact locality bridge; named record relatives do not all resolve exactly on the profile,https://www.wikitree.com/wiki/Glasgow-635
fmp-glasgow-e0a45e457988,Edwd Glasgow,Rate Books,1726,London,no_wikitree_match_found,no_wikitree_match_found,,no_candidate,,,,,
fmp-glasgow-e47e0e47524a,William Glasgow,covenanter record,,Cavers,no_confirmed_match_candidates_only,no_confirmed_match_candidates_only,Glasgow-1026,possible_candidate,False,False,False,profile has no structured field for this non-vital event; no exact full event-date bridge; no exact locality bridge; record supplies no relative bridge,https://www.wikitree.com/wiki/Glasgow-1026
fmp-glasgow-e47e0e47524a,William Glasgow,covenanter record,,Cavers,no_confirmed_match_candidates_only,no_confirmed_match_candidates_only,Glasgow-1087,possible_candidate,False,False,False,profile has no structured field for this non-vital event; no exact full event-date bridge; no exact locality bridge; record supplies no relative bridge,https://www.wikitree.com/wiki/Glasgow-1087
fmp-glasgow-e47e0e47524a,William Glasgow,covenanter record,,Cavers,no_confirmed_match_candidates_only,no_confirmed_match_candidates_only,Glasgow-1521,possible_candidate,False,False,False,profile has no structured field for this non-vital event; no exact full event-date bridge; no exact locality bridge; record supplies no relative bridge,https://www.wikitree.com/wiki/Glasgow-1521
fmp-glasgow-e47e0e47524a,William Glasgow,covenanter record,,Cavers,no_confirmed_match_candidates_only,no_confirmed_match_candidates_only,Glasgow-1556,possible_candidate,False,False,False,profile has no structured field for this non-vital event; no exact full event-date bridge; no exact locality bridge; record supplies no relative bridge,https://www.wikitree.com/wiki/Glasgow-1556
fmp-glasgow-e47e0e47524a,William Glasgow,covenanter record,,Cavers,no_confirmed_match_candidates_only,no_confirmed_match_candidates_only,Glasgow-1605,possible_candidate,False,False,False,profile has no structured field for this non-vital event; no exact full event-date bridge; no exact locality bridge; record supplies no relative bridge,https://www.wikitree.com/wiki/Glasgow-1605
fmp-glasgow-e47e0e47524a,William Glasgow,covenanter record,,Cavers,no_confirmed_match_candidates_only,no_confirmed_match_candidates_only,Glasgow-2436,possible_candidate,False,False,False,profile has no structured field for this non-vital event; no exact full event-date bridge; no exact locality bridge; record supplies no relative bridge,https://www.wikitree.com/wiki/Glasgow-2436
fmp-glasgow-e47e0e47524a,William Glasgow,covenanter record,,Cavers,no_confirmed_match_candidates_only,no_confirmed_match_candidates_only,Glasgow-2453,possible_candidate,False,False,False,profile has no structured field for this non-vital event; no exact full event-date bridge; no exact locality bridge; record supplies no relative bridge,https://www.wikitree.com/wiki/Glasgow-2453
fmp-glasgow-e47e0e47524a,William Glasgow,covenanter record,,Cavers,no_confirmed_match_candidates_only,no_confirmed_match_candidates_only,Glasgow-2462,possible_candidate,False,False,False,profile has no structured field for this non-vital event; no exact full event-date bridge; no exact locality bridge; record supplies no relative bridge,https://www.wikitree.com/wiki/Glasgow-2462
fmp-glasgow-e47e0e47524a,William Glasgow,covenanter record,,Cavers,no_confirmed_match_candidates_only,no_confirmed_match_candidates_only,Glasgow-3080,possible_candidate,False,False,False,profile has no structured field for this non-vital event; no exact full event-date bridge; no exact locality bridge; record supplies no relative bridge,https://www.wikitree.com/wiki/Glasgow-3080
fmp-glasgow-e47e0e47524a,William Glasgow,covenanter record,,Cavers,no_confirmed_match_candidates_only,no_confirmed_match_candidates_only,Glasgow-3446,possible_candidate,False,False,False,profile has no structured field for this non-vital event; no exact full event-date bridge; no exact locality bridge; record supplies no relative bridge,https://www.wikitree.com/wiki/Glasgow-3446
fmp-glasgow-e47e0e47524a,William Glasgow,covenanter record,,Cavers,no_confirmed_match_candidates_only,no_confirmed_match_candidates_only,Glasgow-3517,possible_candidate,False,False,False,profile has no structured field for this non-vital event; no exact full event-date bridge; no exact locality bridge; record supplies no relative bridge,https://www.wikitree.com/wiki/Glasgow-3517
fmp-glasgow-e47e0e47524a,William Glasgow,covenanter record,,Cavers,no_confirmed_match_candidates_only,no_confirmed_match_candidates_only,Glasgow-591,possible_candidate,False,False,False,profile has no structured field for this non-vital event; no exact full event-date bridge; no exact locality bridge; record supplies no relative bridge,https://www.wikitree.com/wiki/Glasgow-591
fmp-glasgow-e47e0e47524a,William Glasgow,covenanter record,,Cavers,no_confirmed_match_candidates_only,no_confirmed_match_candidates_only,Glasgow-992,possible_candidate,False,False,False,profile has no structured field for this non-vital event; no exact full event-date bridge; no exact locality bridge; record supplies no relative bridge,https://www.wikitree.com/wiki/Glasgow-992
fmp-glasgow-e832d5017926,Margaret Glasgow,baptism,13 Nov 1723,Kilwinning,no_confirmed_match_candidates_only,no_confirmed_match_candidates_only,Glasgow-1063,possible_candidate,False,True,False,no exact full event-date bridge; named record relatives do not all resolve exactly on the profile,https://www.wikitree.com/wiki/Glasgow-1063
fmp-glasgow-e832d5017926,Margaret Glasgow,baptism,13 Nov 1723,Kilwinning,no_confirmed_match_candidates_only,no_confirmed_match_candidates_only,Glasgow-1341,possible_candidate,False,False,False,no exact full event-date bridge; no exact locality bridge; named record relatives do not all resolve exactly on the profile,https://www.wikitree.com/wiki/Glasgow-1341
fmp-glasgow-e832d5017926,Margaret Glasgow,baptism,13 Nov 1723,Kilwinning,no_confirmed_match_candidates_only,no_confirmed_match_candidates_only,Glasgow-1928,possible_candidate,True,True,False,named record relatives do not all resolve exactly on the profile,https://www.wikitree.com/wiki/Glasgow-1928
fmp-glasgow-e8632f9cbc2d,Margaret Glasgow,baptism,17 Jan 1720,Irvine,no_confirmed_match_candidates_only,no_confirmed_match_candidates_only,Glasgow-1341,possible_candidate,False,False,False,no exact full event-date bridge; no exact locality bridge; named record relatives do not all resolve exactly on the profile,https://www.wikitree.com/wiki/Glasgow-1341
fmp-glasgow-e8632f9cbc2d,Margaret Glasgow,baptism,17 Jan 1720,Irvine,no_confirmed_match_candidates_only,no_confirmed_match_candidates_only,Glasgow-3424,possible_candidate,False,True,False,no exact full event-date bridge; named record relatives do not all resolve exactly on the profile,https://www.wikitree.com/wiki/Glasgow-3424
fmp-glasgow-e98494418156,Margaret Glasgow,baptism,17 Mar 1723,Kilwinning,confirmed_match,not_applicable_confirmed,Glasgow-1063,confirmed_match,True,True,True,,https://www.wikitree.com/wiki/Glasgow-1063
fmp-glasgow-e98494418156,Margaret Glasgow,baptism,17 Mar 1723,Kilwinning,confirmed_match,not_applicable_confirmed,Glasgow-1341,possible_candidate,False,False,False,no exact full event-date bridge; no exact locality bridge; named record relatives do not all resolve exactly on the profile,https://www.wikitree.com/wiki/Glasgow-1341
fmp-glasgow-e98494418156,Margaret Glasgow,baptism,17 Mar 1723,Kilwinning,confirmed_match,not_applicable_confirmed,Glasgow-1928,possible_candidate,False,True,False,no exact full event-date bridge; named record relatives do not all resolve exactly on the profile,https://www.wikitree.com/wiki/Glasgow-1928
fmp-glasgow-e9bff4b6ac10,Robert Glasgow,baptism,05 Apr 1674,Campbeltown,no_confirmed_match_candidates_only,no_confirmed_match_candidates_only,Glasgow-1502,possible_candidate,False,False,False,no exact full event-date bridge; no exact locality bridge; named record relatives do not all resolve exactly on the profile,https://www.wikitree.com/wiki/Glasgow-1502
fmp-glasgow-e9bff4b6ac10,Robert Glasgow,baptism,05 Apr 1674,Campbeltown,no_confirmed_match_candidates_only,no_confirmed_match_candidates_only,Glasgow-1511,possible_candidate,True,True,False,named record relatives do not all resolve exactly on the profile,https://www.wikitree.com/wiki/Glasgow-1511
fmp-glasgow-e9bff4b6ac10,Robert Glasgow,baptism,05 Apr 1674,Campbeltown,no_confirmed_match_candidates_only,no_confirmed_match_candidates_only,Glasgow-3011,possible_candidate,False,False,False,no exact full event-date bridge; no exact locality bridge; named record relatives do not all resolve exactly on the profile,https://www.wikitree.com/wiki/Glasgow-3011
fmp-glasgow-e9bff4b6ac10,Robert Glasgow,baptism,05 Apr 1674,Campbeltown,no_confirmed_match_candidates_only,no_confirmed_match_candidates_only,Glasgow-3106,possible_candidate,False,False,False,no exact full event-date bridge; no exact locality bridge; named record relatives do not all resolve exactly on the profile,https://www.wikitree.com/wiki/Glasgow-3106
fmp-glasgow-eb50930bd727,Elizabeth Glasgow,baptism,25 Jul 1727,Irvine,no_confirmed_match_candidates_only,no_confirmed_match_candidates_only,Glasgow-3422,possible_candidate,True,False,False,no exact locality bridge; named record relatives do not all resolve exactly on the profile,https://www.wikitree.com/wiki/Glasgow-3422
fmp-glasgow-ebd70b997fb0,John Glasgow,baptism,06 Mar 1720,Kilwinning,no_confirmed_match_candidates_only,no_confirmed_match_candidates_only,Glasgow-1062,possible_candidate,False,True,False,no exact full event-date bridge; named record relatives do not all resolve exactly on the profile,https://www.wikitree.com/wiki/Glasgow-1062
fmp-glasgow-ebd70b997fb0,John Glasgow,baptism,06 Mar 1720,Kilwinning,no_confirmed_match_candidates_only,no_confirmed_match_candidates_only,Glasgow-1139,possible_candidate,False,False,False,no exact full event-date bridge; no exact locality bridge; named record relatives do not all resolve exactly on the profile,https://www.wikitree.com/wiki/Glasgow-1139
fmp-glasgow-ebd70b997fb0,John Glasgow,baptism,06 Mar 1720,Kilwinning,no_confirmed_match_candidates_only,no_confirmed_match_candidates_only,Glasgow-1930,possible_candidate,True,True,False,named record relatives do not all resolve exactly on the profile,https://www.wikitree.com/wiki/Glasgow-1930
fmp-glasgow-ebd70b997fb0,John Glasgow,baptism,06 Mar 1720,Kilwinning,no_confirmed_match_candidates_only,no_confirmed_match_candidates_only,Glasgow-2870,possible_candidate,False,False,False,no exact full event-date bridge; no exact locality bridge; named record relatives do not all resolve exactly on the profile,https://www.wikitree.com/wiki/Glasgow-2870
fmp-glasgow-ed84b275d3ab,Hew Glasgow,baptism,24 May 1676,Kilwinning,no_confirmed_match_candidates_only,no_confirmed_match_candidates_only,Glasgow-1067,possible_candidate,True,True,False,named record relatives do not all resolve exactly on the profile,https://www.wikitree.com/wiki/Glasgow-1067
fmp-glasgow-ee7b6f8c8dbe,Elizabeth Glasgow,baptism,17 Apr 1691,Kilbirnie,no_confirmed_match_candidates_only,no_confirmed_match_candidates_only,Glasgow-1153,possible_candidate,False,True,False,no exact full event-date bridge; named record relatives do not all resolve exactly on the profile,https://www.wikitree.com/wiki/Glasgow-1153
fmp-glasgow-f26e15d015c1,John Glasgow,baptism,16 Sep 1683,Kilwinning,no_confirmed_match_candidates_only,no_confirmed_match_candidates_only,Glasgow-1065,possible_candidate,True,True,False,named record relatives do not all resolve exactly on the profile,https://www.wikitree.com/wiki/Glasgow-1065
fmp-glasgow-f26e15d015c1,John Glasgow,baptism,16 Sep 1683,Kilwinning,no_confirmed_match_candidates_only,no_confirmed_match_candidates_only,Glasgow-2475,possible_candidate,False,False,False,no exact full event-date bridge; no exact locality bridge; named record relatives do not all resolve exactly on the profile,https://www.wikitree.com/wiki/Glasgow-2475
fmp-glasgow-f26e15d015c1,John Glasgow,baptism,16 Sep 1683,Kilwinning,no_confirmed_match_candidates_only,no_confirmed_match_candidates_only,Glasgow-551,possible_candidate,False,False,False,no exact full event-date bridge; no exact locality bridge; named record relatives do not all resolve exactly on the profile,https://www.wikitree.com/wiki/Glasgow-551
fmp-glasgow-f3c6aa93b191,Jean Glasgow,baptism,28 Dec 1727,Kilbirnie,no_confirmed_match_candidates_only,no_confirmed_match_candidates_only,Glasgow-3004,possible_candidate,False,False,False,no exact full event-date bridge; no exact locality bridge; named record relatives do not all resolve exactly on the profile,https://www.wikitree.com/wiki/Glasgow-3004
fmp-glasgow-f3c6aa93b191,Jean Glasgow,baptism,28 Dec 1727,Kilbirnie,no_confirmed_match_candidates_only,no_confirmed_match_candidates_only,Glasgow-3325,possible_candidate,False,False,False,no exact full event-date bridge; no exact locality bridge; named record relatives do not all resolve exactly on the profile,https://www.wikitree.com/wiki/Glasgow-3325
fmp-glasgow-f3ee8f00b0e6,Margaret Glasgow,baptism,03 Jun 1688,Kilwinning,confirmed_match,not_applicable_confirmed,Davidson-20783,possible_candidate,False,False,False,no exact full event-date bridge; no exact locality bridge; named record relatives do not all resolve exactly on the profile,https://www.wikitree.com/wiki/Davidson-20783
fmp-glasgow-f3ee8f00b0e6,Margaret Glasgow,baptism,03 Jun 1688,Kilwinning,confirmed_match,not_applicable_confirmed,Glasgow-3086,confirmed_match,True,True,True,,https://www.wikitree.com/wiki/Glasgow-3086
fmp-glasgow-f3ee8f00b0e6,Margaret Glasgow,baptism,03 Jun 1688,Kilwinning,confirmed_match,not_applicable_confirmed,Glasgow-3162,possible_candidate,False,True,False,no exact full event-date bridge; named record relatives do not all resolve exactly on the profile,https://www.wikitree.com/wiki/Glasgow-3162
fmp-glasgow-f4c8806b0c68,Robert Glasgow,apprenticeship,24 Jan 1672,Edinburgh,no_confirmed_match_candidates_only,no_confirmed_match_candidates_only,Glasgow-1027,possible_candidate,False,False,False,profile has no structured field for this non-vital event; no exact full event-date bridge; no exact locality bridge; named record relatives do not all resolve exactly on the profile,https://www.wikitree.com/wiki/Glasgow-1027
fmp-glasgow-f4c8806b0c68,Robert Glasgow,apprenticeship,24 Jan 1672,Edinburgh,no_confirmed_match_candidates_only,no_confirmed_match_candidates_only,Glasgow-1078,possible_candidate,False,False,False,profile has no structured field for this non-vital event; no exact full event-date bridge; no exact locality bridge; named record relatives do not all resolve exactly on the profile,https://www.wikitree.com/wiki/Glasgow-1078
fmp-glasgow-f4c8806b0c68,Robert Glasgow,apprenticeship,24 Jan 1672,Edinburgh,no_confirmed_match_candidates_only,no_confirmed_match_candidates_only,Glasgow-1149,possible_candidate,False,False,False,profile has no structured field for this non-vital event; no exact full event-date bridge; no exact locality bridge; named record relatives do not all resolve exactly on the profile,https://www.wikitree.com/wiki/Glasgow-1149
fmp-glasgow-f4c8806b0c68,Robert Glasgow,apprenticeship,24 Jan 1672,Edinburgh,no_confirmed_match_candidates_only,no_confirmed_match_candidates_only,Glasgow-1157,possible_candidate,False,False,False,profile has no structured field for this non-vital event; no exact full event-date bridge; no exact locality bridge; named record relatives do not all resolve exactly on the profile,https://www.wikitree.com/wiki/Glasgow-1157
fmp-glasgow-f4c8806b0c68,Robert Glasgow,apprenticeship,24 Jan 1672,Edinburgh,no_confirmed_match_candidates_only,no_confirmed_match_candidates_only,Glasgow-1374,possible_candidate,False,False,True,profile has no structured field for this non-vital event; no exact full event-date bridge; no exact locality bridge,https://www.wikitree.com/wiki/Glasgow-1374
fmp-glasgow-f4c8806b0c68,Robert Glasgow,apprenticeship,24 Jan 1672,Edinburgh,no_confirmed_match_candidates_only,no_confirmed_match_candidates_only,Glasgow-1512,possible_candidate,False,False,False,profile has no structured field for this non-vital event; no exact full event-date bridge; no exact locality bridge; named record relatives do not all resolve exactly on the profile,https://www.wikitree.com/wiki/Glasgow-1512
fmp-glasgow-f4c8806b0c68,Robert Glasgow,apprenticeship,24 Jan 1672,Edinburgh,no_confirmed_match_candidates_only,no_confirmed_match_candidates_only,Glasgow-3338,possible_candidate,False,False,True,profile has no structured field for this non-vital event; no exact full event-date bridge; no exact locality bridge,https://www.wikitree.com/wiki/Glasgow-3338
fmp-glasgow-f4c8806b0c68,Robert Glasgow,apprenticeship,24 Jan 1672,Edinburgh,no_confirmed_match_candidates_only,no_confirmed_match_candidates_only,Glasgow-3357,possible_candidate,False,False,False,profile has no structured field for this non-vital event; no exact full event-date bridge; no exact locality bridge; named record relatives do not all resolve exactly on the profile,https://www.wikitree.com/wiki/Glasgow-3357
fmp-glasgow-f4c8806b0c68,Robert Glasgow,apprenticeship,24 Jan 1672,Edinburgh,no_confirmed_match_candidates_only,no_confirmed_match_candidates_only,Glasgow-3693,possible_candidate,False,False,False,profile has no structured field for this non-vital event; no exact full event-date bridge; no exact locality bridge; named record relatives do not all resolve exactly on the profile,https://www.wikitree.com/wiki/Glasgow-3693
fmp-glasgow-f4c8806b0c68,Robert Glasgow,apprenticeship,24 Jan 1672,Edinburgh,no_confirmed_match_candidates_only,no_confirmed_match_candidates_only,Glasgow-3938,possible_candidate,False,False,False,profile has no structured field for this non-vital event; no exact full event-date bridge; no exact locality bridge; named record relatives do not all resolve exactly on the profile,https://www.wikitree.com/wiki/Glasgow-3938
fmp-glasgow-f745560b0c7d,Agnes Glasgow,baptism,24 Sep 1679,Kilwinning,no_confirmed_match_candidates_only,no_confirmed_match_candidates_only,Glasgow-1064,possible_candidate,False,True,False,no exact full event-date bridge; named record relatives do not all resolve exactly on the profile,https://www.wikitree.com/wiki/Glasgow-1064
fmp-glasgow-f745560b0c7d,Agnes Glasgow,baptism,24 Sep 1679,Kilwinning,no_confirmed_match_candidates_only,no_confirmed_match_candidates_only,Glasgow-1312,possible_candidate,False,False,False,no exact full event-date bridge; no exact locality bridge; named record relatives do not all resolve exactly on the profile,https://www.wikitree.com/wiki/Glasgow-1312
fmp-glasgow-f76204f85134,Jean Glasgow,baptism,11 Nov 1722,Kilwinning,no_confirmed_match_candidates_only,no_confirmed_match_candidates_only,Glasgow-1072,possible_candidate,True,True,False,named record relatives do not all resolve exactly on the profile,https://www.wikitree.com/wiki/Glasgow-1072
fmp-glasgow-f84643271969,Margaret Glasgow,baptism,23 Sep 1688,Kilwinning,no_confirmed_match_candidates_only,no_confirmed_match_candidates_only,Davidson-20783,possible_candidate,False,False,False,no exact full event-date bridge; no exact locality bridge; named record relatives do not all resolve exactly on the profile,https://www.wikitree.com/wiki/Davidson-20783
fmp-glasgow-f84643271969,Margaret Glasgow,baptism,23 Sep 1688,Kilwinning,no_confirmed_match_candidates_only,no_confirmed_match_candidates_only,Glasgow-3086,possible_candidate,False,True,False,no exact full event-date bridge; named record relatives do not all resolve exactly on the profile,https://www.wikitree.com/wiki/Glasgow-3086
fmp-glasgow-f84643271969,Margaret Glasgow,baptism,23 Sep 1688,Kilwinning,no_confirmed_match_candidates_only,no_confirmed_match_candidates_only,Glasgow-3162,possible_candidate,False,True,False,no exact full event-date bridge; named record relatives do not all resolve exactly on the profile,https://www.wikitree.com/wiki/Glasgow-3162
fmp-glasgow-f9d3e4df7bbb,Jonnat Glasgow,baptism,23 Oct 1685,Kirkintillock,no_wikitree_match_found,no_wikitree_match_found,,no_candidate,,,,,
fmp-glasgow-fb417c9f3803,Michael Glasgow,covenanter record,,The Tounes and Parochines of Irving and Kilwinning and baronies yrin,no_wikitree_match_found,no_wikitree_match_found,,no_candidate,,,,,
fmp-glasgow-fba04c067c7c,Mary Glasgow,baptism,17 Dec 1732,Kilmarnock,no_confirmed_match_candidates_only,no_confirmed_match_candidates_only,Barber-16725,possible_candidate,False,False,False,no exact full event-date bridge; no exact locality bridge; named record relatives do not all resolve exactly on the profile,https://www.wikitree.com/wiki/Barber-16725
fmp-glasgow-fba04c067c7c,Mary Glasgow,baptism,17 Dec 1732,Kilmarnock,no_confirmed_match_candidates_only,no_confirmed_match_candidates_only,Glasgow-1240,possible_candidate,False,False,False,no exact full event-date bridge; no exact locality bridge; named record relatives do not all resolve exactly on the profile,https://www.wikitree.com/wiki/Glasgow-1240
fmp-glasgow-fba04c067c7c,Mary Glasgow,baptism,17 Dec 1732,Kilmarnock,no_confirmed_match_candidates_only,no_confirmed_match_candidates_only,Robertson-20326,possible_candidate,False,False,False,no exact full event-date bridge; no exact locality bridge; named record relatives do not all resolve exactly on the profile,https://www.wikitree.com/wiki/Robertson-20326
fmp-glasgow-fbace07056e6,Marie Glasgow,baptism,11 Oct 1674,Edinburgh,no_confirmed_match_candidates_only,no_confirmed_match_candidates_only,Glasgow-1310,possible_candidate,True,True,False,named record relatives do not all resolve exactly on the profile,https://www.wikitree.com/wiki/Glasgow-1310
